3.15647819005626,-1.67010926685681,-3.47852302115198,-2.45323026859476,1.19294363896738,0.806181109284299,1.24693790217655,1.65609065133116,-1.38910909555122,0.00138830279025726
2.11928110096618,-2.22914754428534,-0.436494003261219,2.49340974448579,0.694915931182275,1.16407384542497,4.16043357338729,1.1845498451702,1.23987835362048,2.62570412456814
-0.66694639848198,-2.38341432951005,-0.45423212178537,-0.740231772169987,-3.00428855090799,3.04236204868119,1.30416583054642,1.27204384482408,0.898947046012227,-0.0101717409260494
-0.636013720348806,0.745343361513612,0.594073352631553,-4.88143627902139,-0.712645460507881,2.19989616774818,1.86159151050629,3.19121942809188,0.505340804737151,-0.691559372482192
2.3606391874488,0.211556503400188,2.74367223183776,-1.2586782569631,-2.34179462533077,-0.832834131066656,-2.04357484229437,-1.24474443185942,-1.45013827137903,2.25513148362091
2.52513513144092,3.3441103148291,-3.43261225839819,1.48261717298949,-0.0752740294441816,2.47009419298813,0.013582970182566,2.45413185593898,-0.401899660650391,2.39314882859699
-1.85716681504292,-3.14524769665363,2.9308768037247,-1.93593782468362,-0.162527024669449,4.41774827953586,-1.94842495610689,-2.25694268842755,0.000264230562249993,-0.766997175342703
0.517749883212031,0.310439750869692,-0.230565791063525,-2.57572244387624,2.11765329511249,-1.34129556473199,1.55480607662594,1.75443746040531,-1.54010804810003,1.80819704083386
1.72020374044933,-0.166306901760757,0.286501392757661,2.15206660402661,-3.89960519648089,-0.736457765199824,-2.20793939410267,3.79300561650712,-3.09213740046332,-1.06525291802617
2.17992879363102,-2.28936501701915,2.09864141451358,-0.164366445423129,-1.87414463191924,-3.43057977589291,-2.13342467080908,-0.627808729805052,-1.00124288855938,-1.93955489495886
-1.60706917927676,0.67787333904656,0.940832916372942,1.1888111521802,-3.55542841948512,-1.53589038714353,-1.50095415609788,1.69087474162659,2.82381900446834,1.23318069641762
1.58592888247267,-1.27914359608136,-2.15764856824363,0.858902957670779,0.646782116995033,-0.324345405645452,0.531014798034612,3.61556113553233,1.22673390192878,-1.34477414199584
-1.2022399528335,-1.38472228628882,0.930971957229488,0.945798488830751,2.19311268723585,-1.29132343789754,3.67969801141174,0.617586891402782,-0.247261135583973,1.91995134501565
2.41531163933857,-0.061613219912305,1.49679014444037,-3.40238412948004,1.50005092625715,-3.36581852650695,1.25927690717373,-2.52091833039538,2.14906980044075,1.1327813426476
2.00589791650631,-4.42674567933136,2.94129316021988,1.1687318596713,-3.62272572262799,-0.217852776806879,-0.487142109294015,2.92564640971036,-1.34022765628444,3.75069516917755
-0.222609530888306,-0.860910471882662,-3.48440036953559,-0.463789337430952,-0.373348909906271,-1.19142140981866,-2.06188780050735,0.121758926904933,-2.45909795603709,0.510096082439481
-1.55456386143332,0.804417435788663,1.31298829592879,2.01445652294874,1.2977959818842,0.285534186822993,-3.22241515385339,-0.596018266155001,-1.32842483527405,4.94977694607751
0.148599032058426,-0.4025741368231,1.00466394837734,1.7382356173651,-2.46347971561582,1.42541272109829,-1.81617401098257,0.234578974218867,3.05236442822472,-2.06808899606368
0.73915935280195,-3.33957001315759,1.05295077192109,-2.50080063985475,-2.33035449770038,-0.268557744821505,-0.127911977905213,-0.19446286010121,-2.72753972647142,-0.661490959832545
-2.20800442140957,-1.74446204741108,0.381379273265713,2.13629410219968,0.104577162798888,-2.10751043133764,-3.36644794984282,2.48282491908846,-0.574654720486993,2.1208219327355
-0.374714069789893,-1.51906211824834,3.24773583583505,1.30357240553622,-1.04200023598504,-1.96144837589201,2.52990107878798,1.23349151125138,-3.08040004039334,1.42845149628618
-2.44098338704445,-0.696686953333596,-2.1648838193776,1.96611348192313,-1.14708723218805,-3.41268802042227,1.08474370568765,-4.81366741180171,-1.13843564536576,-2.8231288745781
-1.79537795320132,0.292074031642156,-0.160097769419997,-1.34447816777084,0.84318871421203,1.59663281515867,-1.97951749479253,2.20641223903563,1.20199242366416,0.795821706774442
0.541028784869034,-4.67773703256901,-1.53781312280468,-2.24589539030861,-5.06900110731026,0.260199896295652,-0.833191325315889,-0.904928130344873,-2.15424443018878,1.00943605454753
1.33971441498454,2.50254072001209,-1.29407565546175,-0.443158572800928,-1.40081281281916,-1.1065394317821,-0.67287804868708,-1.04773447783464,1.38519808002716,0.541082531062987
3.03009225846527,-0.944338522659645,3.89569045431663,-0.466713976313601,-0.584995134967828,-2.51708472524107,-0.547358020029507,0.53996518283703,3.0069800083988,-2.48060991264817
-1.14567048989172,-2.76776036820382,1.37024433794749,0.729738976769638,1.16867294274272,1.22041828285022,2.19118533912501,-1.36354406350891,2.74467434636959,-1.53881896091217
-0.993330107273561,4.60172685754077,-0.00467254869385958,-0.22706040458312,-0.313797737303492,0.193981851915015,-0.939794191804218,-0.266667786453417,-1.30013029028546,1.20431687481118
0.833823365518713,-1.33220893380508,0.968396044360086,1.86460593608601,-1.67955374139796,-3.21225229362186,1.12005460714357,2.42116809672089,1.18546743970423,0.0062712488533681
-1.23650042016459,0.671137029451413,0.0904165191734524,3.38636462680336,-2.31634129079006,-0.696892705986834,6.16474864547104,0.174139421798701,3.48711682096692,0.646083947934383
1.42468140323357,1.2720289134523,0.386019419681348,-1.54753583597722,-0.396453272826723,5.08368846862604,0.624815548632527,2.38434045726632,0.941727169590689,0.091557012095847
-4.63387554087405,-3.18666727031659,0.725149730732826,2.63829810767234,2.80491699024307,0.913651997177319,3.19830287624431,-2.89608103374273,-1.13146339717312,-0.18185499433785
0.728487390438935,0.298352157772701,-1.60269967573114,-0.640301490195316,1.41120694351176,-1.57432579095781,-0.857299704265324,0.307764779101505,-1.79695775860967,2.55114875065649
-3.27760215947673,-1.81903703362554,-3.29121842887727,-0.062343250682138,0.179009211653638,0.575933406988492,0.409483597845264,1.68535512044698,-0.372906122851667,2.55224716025409
-2.09439618120372,-0.030696247769288,-0.441705455143597,2.80289563011164,0.15653813407403,-2.74668628636055,-3.37335995801366,-0.517607490870181,-3.16720486991631,2.05638309925797
-2.81104142280964,1.08569826409584,0.793579817167086,-0.19381212540605,-0.796713776874763,-0.332765320634278,-0.281463856382583,1.52975553399258,-3.41916482702559,3.11407745666865
1.84037011964768,-4.07753984324315,-0.276631290217834,0.763363519029843,4.52468376080084,-0.0874170801561761,0.947335656911299,-4.27228806317166,-1.7979382186705,-1.90836020145027
-1.31271101209211,1.49029682689696,-0.288307041440622,2.31293453667899,-0.81479918872794,-0.609365162026714,-0.411691260872949,-2.10872663840018,-0.992308914062902,0.452867038720132
-2.56834120348278,1.52238586310818,0.332380603736202,-1.9563922416911,2.13553201297952,-0.0430560518719891,0.643482485465841,-0.993559483357124,-0.425763713337337,-1.46138539121195
1.2351720625163,1.26414729846603,2.98091210016087,-1.34711246988623,-0.867417129683686,0.312172954016291,-1.24939100439249,-0.529788874051383,1.23506178950088,0.668089424101444
-0.836624607866811,2.61244809661993,-3.20260731169251,-0.0531779138879412,-0.170662646482896,3.96674441798077,0.03636932125594,-1.29903112933398,-2.4199680405511,-2.4595231861122
2.51441250380987,3.32672071327666,-0.669307420585403,-2.1951800140981,2.19500348148197,-2.90682856457099,-0.814642303975167,-0.862463763672141,-0.548743737984157,-2.76806941649808
3.06486683684518,1.7613739031702,0.636082767192084,-0.258429314545146,-3.07407987514931,1.89895723532151,-0.829702966266752,-1.98278173058105,3.5997241197911,-2.38064831340524
-0.74184782175737,-0.187952381664594,2.88001943001027,3.66613165151549,2.53258383279874,0.524655972852092,0.103718358733783,-0.0481854890291682,-1.1337998375169,0.210365389538246
-2.96655747793386,1.56364567389455,1.80820411017159,2.07498915371016,-1.60034668528106,2.76248397428879,1.76050788302848,-0.897421434989723,-1.21192212225452,1.02840300872022
-4.70968988557309,-2.26038935317108,-0.228771825733386,-3.33248034629269,2.57624903063008,-1.34639689580654,-2.29930132894789,3.5613561771748,-4.15611152283952,2.49346259918103
2.82222611740685,-0.743761245229443,0.315572616419463,-0.68794678254939,1.61091186691667,3.35346494035947,0.24283534823841,2.6515930961694,-2.40948544879565,-0.599339538854299
-2.02062930380818,3.03887382619393,3.2650004643956,-4.05673472530308,0.258652696336539,1.09647420597575,1.3005409950152,1.51543859247421,-1.7821481033974,1.22092059139265
-0.140089668265147,1.0002704427266,2.22474880490353,1.51954828068265,2.34722539159335,-0.988588626730662,0.591898272979677,2.08923440877283,0.429152270949696,2.80420105192887
2.09955755840788,-1.12309168804653,1.52339860831675,-2.72314223031108,-4.23782693535318,-1.64287510576067,0.663090396062918,-3.75926271098997,2.89547911658229,1.09094642308786
1.35458258044452,-0.380492781233533,0.403080616886241,1.65753654255739,0.114486489348432,-1.0499219841132,-1.86453904648282,-0.548101834615613,-0.966073498274196,2.23315162554698
-3.07969687776241,1.66615088419774,4.50691083522004,-0.624248256115819,-2.95452126112496,-0.970602712127264,-1.44216647509089,-2.02326183020999,-1.50404045524258,-3.50032715608458
-0.0412059052703975,-1.83855276123752,0.227694551901026,-1.08693775725236,1.77395048945569,-1.66521271827016,1.18677331966492,1.821942434336,0.708917406958544,-0.941555897695918
2.37040038871379,-0.201896540691571,-1.47655404774313,0.540126472220152,1.16748815445955,2.41009644686411,2.62981173057841,-1.21866083881904,-1.96549125079304,2.60075966541644
2.4313168206289,-3.72185441717852,-1.5128180726093,-0.484170261015572,0.464939397717013,-0.109638775768423,-1.75536965139461,3.29383915012258,-3.12149691379141,-0.0724752923205824
2.76570629421337,-1.9934339674877,-2.65233727298855,1.2425128324713,-3.20766440520405,3.2168276484602,-1.02614729347335,1.21197638245387,-0.967063309138422,-0.520221327453536
-2.8276699192192,-1.92613641724317,-2.20724011382948,-0.334075332123916,0.233616366888644,0.28185878437335,0.542323306282525,0.992680077048716,-0.529205034490806,0.825507391920991
0.584321603469001,-0.631992503704737,2.78328869106749,-1.3342180023149,1.07126222759025,-0.0835267950690078,-1.44051239277602,0.105861146366049,0.788562658991596,0.469524674817469
-1.72556294603128,-3.29968661538087,0.730920481740524,-0.0796968184403311,-1.47078649178726,0.75693667878484,-3.00795206676191,1.90473137251623,-0.539131920136342,-0.232812568759509
-0.364435973969457,1.40722437627695,0.0528403010294467,1.48784214521615,4.12851290141345,0.896302941326632,-2.03553707457538,1.97964313080039,-0.188597144239813,-2.63249647916291
2.99877840970823,2.54842584345292,-2.36380485940803,1.25884728444373,-3.15683732022289,1.81682477639269,-1.47225197004242,-0.345916997496067,1.79408267248913,-1.80576469856248
0.125524898843166,-0.57709871779101,-0.0490745481715166,1.17531684334164,4.23170116762278,2.25641466219929,1.12674057029446,-0.368078179994389,-0.387126441613987,4.38139529920318
-0.0990218162421978,-1.34657472168097,-1.74389153506855,-0.637966801007658,-0.505392496273797,-3.23221378573986,-3.42763487065638,2.54733400994459,3.55803303255223,0.275963082221581
-2.85953759318688,-0.565286486158214,4.4993499702145,1.31591333485067,3.21816181398991,-0.201230583166475,0.536020233499582,-0.687831139745109,0.589809485520242,-1.35693555843559
0.906152043093605,-2.22421875137042,-1.9306181363211,1.50186542866361,-2.28268242790584,-1.23281059751275,1.6914453149012,-2.51318467006768,-5.13662807038737,1.35128462934053
2.37225932278045,-1.75354420838784,0.300195585889056,-1.29145664797809,-0.342800780612296,-0.615397736833588,1.76761802875214,0.14019974299369,-1.25830208270213,-1.73470645871381
-0.666105624219069,-2.9754424789226,1.7602504657902,-0.133540260935319,1.34945701289666,2.57480912467645,1.12676665837232,-3.23122071326294,3.71915931519455,-0.428218797030398
-1.22909855782075,-1.24335266489794,0.111101345951338,0.399972259067936,1.82970835761415,-0.866882544379029,1.24014129602113,-2.48783332516561,2.29861101273558,0.35231436647954
0.999104695648571,0.541591922425231,-3.27821375695152,-0.924646627038975,1.86852398399478,-1.44706404691802,-0.642436139754558,-0.229612622586748,1.27964009651082,1.41968730182713
-1.88370132617607,1.00886525392932,-0.449905600748572,-1.39135737587274,-0.321319978412672,-0.0416544782068636,-0.359241881061313,1.83033230497389,1.3556955613408,-2.1566540701183
-0.56192707037355,0.946657369473113,0.0362487803269404,-0.317305945667104,-1.00293242098333,2.64839377974362,-0.569802049294924,-1.22432551892461,-3.33527300403839,1.01091739990128
2.30184651255015,0.0528820209053142,0.979383920990655,-0.762537328721499,-1.86928229666701,2.98127034261982,-0.25522821649643,-3.04857880518654,-1.79156761402423,-2.15144927929859
2.00837034662515,1.46656501217915,-1.43370715317527,-2.36613512872812,-1.17853208500099,-4.61915148989156,-1.65023865572701,-2.02360209466773,4.24406474971634,3.42611934519173
-1.0075175014514,0.184250383957579,-1.06602237985802,-2.38939441805574,1.77316746435465,1.1427558005098,3.11459687086475,-0.371557357126589,0.772546979039287,-0.0709765408467815
0.409711578202228,-0.225159609017422,4.0993925319057,2.4644593038031,2.27746713989319,-0.113208625120706,1.87018745907782,0.0918345740861734,0.873339154352447,2.63156948104521
-0.362594158044945,0.272894705755613,-3.12664674035442,0.696749931609728,-2.80960366311255,1.49011552227659,-0.203051514695046,-0.528191378306597,-1.0334013653452,0.785244813377162
2.35811223946501,-1.26552225593309,1.68833061458948,2.93838879850908,-2.87917798683636,1.67487376329225,2.5854715009232,-0.249182975409719,4.05494297034304,3.24482402723892
3.40675444064642,2.50561085942157,0.328685466512686,1.04480842538734,2.98724746207438,-2.25634808717905,-1.18889336236461,0.454042449525548,-2.56595689247293,-1.24655123056338
-3.52351160699377,0.338402779087035,-1.30801540112707,1.19981010621686,3.25435176522771,-1.57473216897816,0.799406617575227,-1.99302759760211,1.11303703891255,-2.33224972384126
-0.560728651609096,-1.2111644272232,-2.12197429042468,-2.48666803586118,-3.70260633680827,-0.58298299030254,-0.807231512098265,1.98786402652111,0.0208955422669957,-1.80525238397122
-0.638911027570175,-2.14200204001466,0.158969136240346,-2.33729021156968,0.219943048573817,0.116551209436147,-1.69860776967135,0.916696452532312,1.51488414919772,1.61961804829967
0.868192634695193,-1.92473122694557,3.46206284401268,-1.48669410087694,-0.929429085191124,2.96619855661587,0.548122469774999,2.04133817467625,-1.57327551468752,2.00562680936183
1.24485995847101,-0.0620015520368223,1.35172780019095,-0.363194681457919,-4.0974765041572,2.04424031142934,4.25642255567683,-0.506220270143509,-4.38451351470793,-0.547227945275735
1.53392958556605,-0.783809210159823,1.10633052573166,1.47817619183233,-0.557113447178955,-0.769164688595538,-0.906944824185677,2.03751101569872,-1.12624074643762,0.223067941473599
-0.196447011943035,0.995333845164188,-1.89720594802433,-0.686724776767229,-3.45546193947295,1.9795687907006,-1.61987073714635,-1.36050898943775,3.01183416857852,-2.14906668216246
-0.584508362950713,-1.57874554397438,-1.53504958398459,1.69237644177972,2.18312990830122,0.176914448820326,-2.0865257257823,-2.5978029314599,2.47283292889868,-0.785602225028393
-0.321890896155032,0.724908158508195,1.27686133638312,1.68390392278236,2.1157247222225,-4.43544449412955,-4.79276356685275,-1.13854464475806,-0.389753100163799,-1.20890297217134
2.5643612268029,0.732754009275825,-0.327900985054827,1.37500583415062,0.260835662632689,0.270934620602184,-0.128420242380652,-2.92783046594813,0.186518577180529,-0.707844816361821
-1.19507212029828,-1.79313197961353,2.52916034451984,1.33174045320486,-1.47874945088921,-0.138555811552991,1.77778187261391,-1.11958065631711,1.4752242021182,-3.39898458041335
1.59608459971274,2.77169564530822,-3.48350352519271,2.65475177877563,-1.2220064622096,-0.451754473581108,1.36051020861788,-2.73947110487883,1.22004109106591,-4.35207319946729
-2.40837150476316,2.45041265664609,1.51034675121587,0.37155171508903,-0.489556519772735,-0.589082766847753,0.818760837741169,1.21487452542503,0.144324529941956,-0.849972271354979
1.65316046274303,4.10169087928671,-2.92924475116825,0.176095750082177,1.38253236648344,2.44934828258792,-2.75803832580453,0.627909649985621,3.29688641958535,-0.929167141080218
-2.50812822766234,-0.134875344731449,0.839164265764312,2.11826574726317,0.161469502690974,-3.68737839475465,1.64160817422501,-2.32463665310226,0.665971984497059,-4.18391090474653
-1.18477617488686,2.01645361958544,-0.618086448809113,-0.092186366754193,1.24358199784143,-2.23978592417211,-3.61237003562867,-1.16392718669238,-1.16443868054115,2.40832977916075
-1.51243509493106,-2.38557284587758,-0.29898475126507,-2.34919052320209,0.649759193413141,-2.54158538749836,1.06131212678227,-1.28423810256254,-1.8639355682926,0.798154991682883
-1.89579518843453,-2.90719144504052,0.0647536689791927,1.74953735157795,-2.26761742527023,-0.786042866408443,-0.481926693186288,2.17460247454798,3.32594120781831,-0.951918866109041
-0.70149124414443,-1.74352737353565,-1.81568404238274,1.111032235283,2.49224715606616,-4.5592193740915,0.506128122043299,2.88745888984009,0.444202596698354,-1.14823080004473
0.208549124236301,-0.0761060890110031,-0.146575507054131,-3.03576975817725,-0.614354739890682,0.021594140294326,-1.40626530959178,1.31043893902672,0.0368574187571465,3.7260001336861
-0.181778217778235,1.13457959935663,-2.05668901059116,0.821760438225287,2.20114002648995,-1.14776886035899,-1.27360595847962,-2.54421391302455,1.10341408469121,-2.24164486400071
-2.02362286934718,-2.15150821691481,0.512125434237794,-4.99718979812045,-1.88939231210377,1.3968549261531,1.2504723040475,-2.96372323084312,-1.92961072581244,-4.60270559270546
-0.691809981749047,-1.68662926981742,1.54684338648993,-2.02638453584797,1.43110869890342,-2.59296387513836,-0.0155826594208718,-1.72708674708905,1.81039457641571,-0.568934656057507
2.91037363767685,0.209864730458498,0.983770819807897,0.899410069476318,-2.42489757870856,-1.60513635561675,0.322306618659467,-0.999580183634949,0.699569304896065,-1.08469255236501
-0.79261202988717,1.34975645565555,1.64357161919765,1.91519582380173,-1.98774116197467,-4.04152951631188,0.269230030024062,1.48688304203012,2.73165525059731,3.68316281637799
0.89718795340017,2.18357167778054,1.52995890090278,-1.2254525469695,-4.42833288480621,-1.42193720914172,-1.42363724934937,-2.94037234564003,4.75775494018991,1.8530701344885
0.296435517192516,1.93318404045793,0.622320867256453,0.323731592165453,2.70864423228732,-1.06930725460595,0.816335594468559,1.53393184042193,-0.358308387302857,1.08055779117939
-2.1457147468226,1.07908234084126,0.731422923700913,1.90166673639068,0.63374390399908,-0.405191745991294,0.278085765113763,-0.913198052680474,2.36045135461557,2.01011363402887
-1.42613049893935,0.635150833496257,-1.86763427733587,1.89591519801933,5.47370802253321,4.10724884528739,-2.17114846562337,0.552049287375141,0.88260945902713,0.105675280140818
0.709043001441384,-3.7440916073417,0.111494588641975,1.08880885667377,1.79482303139701,-0.148189377328074,3.9237004304571,-1.93648881537484,-0.930183670132133,4.26929119674656
1.4768820155143,1.29323037532027,-0.616376407155636,-2.10536935073879,1.2384563274382,1.00395952140444,3.16783341385982,5.27352107208052,-3.05410927369406,-0.177528954033495
5.69532982653137,3.09468349050267,-3.023111392604,1.15628168110955,0.386310503042233,-0.936350709521467,-1.82733133333976,0.166209447095189,2.9616019365343,2.83464065550555
-0.353798243396303,1.91413569482328,0.320044024793745,2.59062992446244,0.0345838510134914,-2.0355458527546,-2.97529753132896,-0.198780839868921,-2.9664049751597,1.57482238283865
0.989500149409536,-2.04324523497768,4.07879110997103,-1.10188689526083,-0.843723413207466,0.903754310413183,-1.40047240853679,-0.27801423267973,3.28232061054354,-2.69972758755165
-0.636352726286015,1.5815157759564,0.734313189445663,3.12647646871951,-1.84596907728743,0.845590415114846,3.00293777436664,-0.522980305017435,-0.389936746740097,0.466026387719632
0.751462592720841,-0.683162691809336,-0.471410844796704,1.29331558737886,-0.2196377123841,-0.310378588588904,2.34988811570842,0.489157721608895,-4.19002017842565,-0.880671503181763
-0.986293001337832,-1.70445757431547,-1.38303554451679,2.58754260971747,-0.624760176410156,1.24242932374728,-0.0422687479999495,0.846716246423421,1.7702582219532,-0.00478020893651555
0.69103592887482,-0.87404586242681,-4.46745859247314,-0.608039361438533,1.25615198732894,-1.76968882531179,-1.34220073114378,0.695108517021471,1.49938008417651,-1.53687509107173
5.87277380634877,-0.126043373270527,-0.627622752027405,0.811816688015856,-0.859056296374227,1.19942438532559,-1.73592447826716,2.73774470209559,1.61405095617215,-1.65261111078575
3.4868591354652,-0.81910197330902,-0.622000658537925,-2.87569237579775,0.044770035494301,2.25283440362825,-0.141072764315795,-1.65006758740569,1.83168121159798,0.586699072854248
-0.242578931438143,-0.125919264804415,4.00467546509438,1.77277983380935,1.86966745577516,-4.11370895177071,0.533174657438604,-3.65348954804422,3.28347320853149,0.522840851656999
-0.662933916303714,1.59233972047674,0.896308391071037,1.32647554604194,1.41153014160242,2.45609450288169,-1.74829634774764,-0.555776943776535,-3.22684780661457,1.26189345637879
1.63762426724125,1.24503760054464,3.28368865262832,-3.13001589152323,-0.468458023171062,1.31825642770865,-2.23195046334796,2.02979955102316,-0.614084955560248,-3.27125181021308
1.00112350021634,-1.96535912419605,1.14884542884831,1.39599207724285,1.68054899839627,-1.36378764658113,1.16624158236761,1.19049688456788,0.344279612597893,-4.96889567350062
1.1725232484962,3.04390656305256,-0.612241355494309,-4.99968015412781,-3.13823241358118,0.632973013372111,0.261031499305651,-0.106751611094833,1.10641466529812,-2.53758467433222
1.06374360571416,4.13302950572452,-2.81485924989388,0.461048704050087,-1.78021044735529,-1.24770275033852,3.2842538243321,-0.642894526712816,-2.0051915399135,0.786297480204383
0.924127130734026,-0.668643276028433,1.81626427932068,2.11129236767963,1.55704763905153,0.66068808638491,3.56577545195042,-1.27961092818579,-4.02774685933486,1.34659347150257
3.45509187841238,-0.163312041083793,1.24210219667715,1.62446605430184,-1.71959897984789,0.0146893002081378,4.31518347486835,-2.88333678984618,-0.573641170456782,-1.97773564384925
-0.320306124863565,-2.09264664443212,-2.4082424516641,-5.87516060452693,-0.724131547701325,0.949414619234757,-2.29060801612109,1.30223902041101,-0.167394577944079,1.45358859871936
0.217718079523763,1.64403555971258,0.0492725023076183,1.11543774963272,-3.12289989280147,-2.89434364897076,-2.46324861996966,-1.92463437581051,-1.73427335698204,-4.32086776184681
2.89357243341833,-0.380684975356025,2.3469717220058,0.513975846297729,2.36228335631841,1.73442784382692,-1.4199175287724,2.05759895195151,1.56794919339626,5.95960934930792
-3.55796351494532,3.43869618552886,-1.51459974535602,0.147988490364613,2.15708152690901,-0.218951583862665,0.28376704436532,-0.0676369032039874,0.934635333858372,1.12975960797383
0.378802954999327,1.09656566845517,-0.216298867713631,0.190623558262946,-0.217467669750658,3.33619584242263,2.10892703724973,0.895246721666537,-1.04083963065065,2.89120559669612
0.302415889982194,0.16852888934506,-0.391350272333292,0.239669585644326,1.71600835411059,0.499257760620696,-1.18638658160241,-2.1672624342509,1.6324658725892,3.70806759326745
1.32957732022906,-4.75132773697821,-1.6139170088286,-1.3427803864945,-0.433732028402726,3.21328269149491,-3.71659658941172,0.921946491917323,-3.10510136383668,-0.876968140594116
0.892319699046867,0.206286585458482,3.18677112768532,-1.75205245536984,0.607944413699248,0.86760648420699,-3.80652388590478,5.05224955839034,-2.4994801919993,-0.943105649549895
1.29818954912772,-6.19966461808594,-1.33423824589507,2.75337887519191,4.36478827307092,3.68187719918548,0.870818944036435,2.05330541890311,0.664841305730433,-0.457634240312164
0.677760685511003,0.211078161080514,-1.53197652477699,1.92705671800013,-3.10052314116219,2.35183851997894,-0.989074580965031,-1.61389399518204,2.93393972975472,0.219395179811635
-0.0255340310533046,3.5764705913456,1.78814980693792,1.62156314452535,0.151863497756981,-1.39364082275756,0.147933369973218,1.01882212479801,-0.515409458968151,-1.90795872061601
-1.42732149009361,1.18238024172517,-1.98508767540482,-2.12397166971234,1.1747511725784,3.198773346006,-3.02457357548645,0.46793401577311,-1.20526234536207,-4.1547618699924
-2.73810155741358,1.23020498562755,1.2935111490791,0.797135814696135,-0.953948434300669,-0.399122995792566,1.39250376791956,-3.29721584287067,-2.35335381590665,0.594021193775335
-3.54856690163616,-1.81591647534697,1.928101503483,-2.47917029004637,-2.16101113966993,1.76530175573666,0.825519795510076,1.56054834849274,-1.98341658607153,0.73247183121773
1.27711751463907,5.68763369235617,-0.290882961628255,-3.09938715374794,2.12123278807866,-2.47913265740385,0.564400012344908,2.95307676689565,-3.82982036304226,2.22425426940227
-1.33635991716723,2.10809082245013,2.50296477397909,-1.23033940921795,1.32308304354992,-4.05258430031794,-4.16533737295324,3.09176813374737,0.978334426866791,0.0514870870373027
-1.12687529618691,-0.301375238325516,-0.113015740544152,1.67897008179841,-1.34027101844555,4.1880854898651,1.5944968378706,-0.637744000102538,-0.0866900051851571,0.398935179789856
-1.48488603051439,-0.256271091345942,-1.49229408268539,3.06048321787639,0.608879718329213,-0.748970198739079,-2.67594524488623,-0.255837859541751,0.332035764699455,-2.07758252766094
1.32901469463331,0.0894770165406691,1.50292728518042,0.153408728062619,1.48916973750202,0.985739508942803,0.445971360625796,2.40105887399733,5.11497901376553,2.68104236190604
2.11082876118911,-4.42633139159943,-0.724457890845826,-0.368778545727288,-2.4424648176633,-0.00746989982900462,3.64400310509992,2.53428311779125,-0.698095982942524,2.58920466007532
1.07184186287003,0.489933986418997,-0.512428700795954,-0.841011887339369,1.57615355309769,-2.6317391738901,2.11628335425058,-2.52809255936367,-0.76426664030578,0.826464538392636
2.71948365684113,0.399149987755447,-1.31501358944318,1.8761726396493,1.26258691988725,2.15103821928826,1.86586215708868,-0.119674523195112,0.0416753236431397,-1.39942230080825
-0.979023537029441,1.97445755398076,0.9624554714211,0.0129367679952795,-0.997480711603937,3.71581896303813,2.37631559343745,2.21407245592239,0.545191224943891,0.726893932019521
0.479260139609951,0.947984556247129,0.755219106305121,-0.900848921687686,0.173488071389654,0.433470811047232,-0.83556765210646,1.67816889153651,2.04143851928359,1.67773118945965
3.67103740027456,-1.1786893216343,-0.375739728170343,3.79098451974924,3.68400256319278,1.09411937195749,-1.84873328949104,-0.513069385166382,2.57228085885899,1.41342437308898
2.49506429486883,-0.0110966012445334,2.12002373266491,-1.45255186250562,0.348052432439352,2.102052286464,1.71551108177901,-0.0875319025284558,-0.76844345284109,-2.47464153333917
1.54838661402105,0.167660685444032,4.02051565530493,-0.919841101215902,0.505094286864617,-1.27110886598814,2.86702085314423,-1.23879306271652,1.72342619578048,-2.33545433721353
1.65145298814216,-5.26550807341976,-0.117475035311899,-3.37917476728779,-0.0857867047467799,-2.09735320565224,-1.13153027281787,0.473104547219052,-1.36960838652448,-4.27527188076981
-0.861009335277273,1.28326169697345,-1.33701060776583,-2.83160525476871,0.917483543503574,-0.300887220287521,1.77059167318459,-1.48189159341884,-0.139409456972692,-3.29248940456072
-3.19225371732828,1.36479467468109,-2.36140369177508,-1.20148914792255,-1.98647850402657,-2.15226664661317,2.88329968112,-2.6500730486939,0.323931924251442,-0.437864829239259
-2.16640279279133,0.975589975827554,-2.42214954611051,-0.878181155535209,-4.86559308508297,1.53302521793945,-2.65562732348092,-0.341394274724831,2.64168079764755,-1.84013381212645
1.26841715371186,2.04543108270995,0.86704069702501,-0.909271379338108,1.95322919472214,-0.330567635716351,-2.65930404759733,1.34601396775148,-2.05982650325309,-0.744556002937703
-1.2621136963218,0.369233428466043,-3.57033715843633,-1.07143714518167,0.637961129978111,1.5814077751576,-3.83461652110683,1.21129590764433,-1.32765713613047,2.09590233075276
-1.41794890507405,-0.863141390558455,-1.09165370622946,-5.50814544749736,-3.30927155521438,-1.90234751367705,0.775234174709777,-2.90869614634599,2.17540344524655,-0.438224938210849
-3.26268686495287,3.42582135259283,-2.04231778673574,-1.75238658016048,1.51650722742588,2.42790222772602,0.544659185426906,3.1651903734506,0.444460179222327,-1.39164110818609
-0.00222428960682378,-1.09602266621338,0.876073521391725,-1.34144688884389,0.795659513517036,-0.574246254961292,2.0348065468593,-0.662997348485997,2.85082436376928,-0.230413362195993
-0.965764270991655,2.31308586774862,-1.36638246777442,-0.510137333559094,-2.04373368719543,0.839557421006684,0.538787688503714,0.0420257397488187,2.06276661307795,0.58682079234853
-3.70135398639936,0.0588398739231476,-0.358782841260604,0.150082300173716,-1.29950678348507,2.92396554565924,-3.82039444774491,1.13799424947298,-1.37636416372306,0.844633412999256
1.03093932734956,-1.08813929383737,3.74524654486717,-4.89229697929084,-2.60332950104582,-1.38528955291994,-0.083586010531608,0.147374445445376,0.723179796782853,2.39139044620152
0.269118395828537,2.75109689824744,0.160868829096614,-1.25735634958868,-0.388569880125671,-1.8046931374062,0.244622866873172,-1.03629361916885,1.86449217071269,2.32207251497713
1.76811601051172,-1.260462320512,1.81326857318632,2.11256285335555,-0.860196984093029,-1.39074422131603,0.822396850431807,-0.87838350884388,-5.90207527190087,-0.910104241823472
0.536383925761024,-3.5924592382649,-0.628476964395576,-0.282546843332621,0.590245593932263,0.745431275620102,0.519425431340413,0.563282630813768,3.42328243879525,-0.36225845477876
-0.841995528126523,0.628276050504397,1.22948069598868,-0.870407613164758,-1.13647749626478,-0.0227408556741148,-0.557030676095248,2.21307350404479,-0.532363099376011,-0.731852749327298
-1.49543665311174,0.687830631713755,-3.36219784543769,0.96819593754685,1.70301240746616,0.0545090494452542,-0.2386884747607,1.22624131395352,-1.18419799888429,1.27571207696032
-2.8236747922751,0.477290530606304,-1.00625901521526,-1.48396615406073,-2.22552247630005,0.525080992357568,-1.59631987379787,-1.53669058682582,2.47092342913801,-1.95675145685553
-1.75186912295281,-2.22672313733363,0.643700439606692,-0.0701998650137093,1.43786393622845,0.892520119118181,-5.09244878937729,-0.61937522612992,0.525137759414768,3.04829981770784
1.83197580129899,1.2833578523699,4.83390238187401,-0.334602047567013,-0.0659660035170486,0.320124566797385,-0.861025781044446,-0.0275567992173216,0.167135113070788,-3.42370495095107
-1.71028489711438,3.92337027959288,0.309966288810497,-1.23498986912135,-0.333265235464729,-1.52713367978851,1.40555575919301,1.77175136977475,-0.387741688148721,-0.237765134094029
1.2646154387647,0.365982918059392,2.22990504052775,0.106587393510165,-1.34598187890855,1.57481133492575,-1.25563132542552,0.706781657057223,1.13072124338547,-3.65439707832828
-0.220634645598438,0.480092411995016,2.60384846172124,-0.400815815609919,0.32930912664893,-0.547967493897323,-1.41414063831202,-0.543478220143776,-4.44077585174672,0.657575461270885
3.83848973553817,1.1181429038136,-0.438065432504646,0.314312161145952,2.10011460934418,-1.72716280588627,-1.20799584319926,2.05416464091383,-0.52899801436948,1.44359216167952
0.742012553701392,-1.63286275064516,1.77463159591025,-1.88105340448834,0.351925698187688,0.658067428957002,-2.14088633726129,-1.17193666913441,0.611828146853221,1.18287592480612
1.94815251062745,1.14725608038144,2.03828505300257,2.40561052560632,-3.1865982716784,0.765791789866197,-2.4899630932193,0.0655079596036449,0.0865214554152965,2.28897237768204
-4.7683417983921,-0.0123669981035145,-0.00017607310084276,-1.67477875178332,1.83725729350531,-0.276402755902829,-2.31453326110739,0.353270027423318,-0.71678974744918,0.998935266379187
-1.50400273796515,-0.840764823180015,-0.837844875036431,-0.769015390096881,0.0897575697003787,0.615578142810517,-0.0216491979023799,-0.0665715820967394,-1.21598095949058,-1.49802222933118
1.47366871924201,1.98657946820701,2.84121297558332,-1.14304962445087,-1.28185088431107,-2.49192579878781,1.70416594800702,1.25628207411223,2.24362792505084,-2.2981647100946
-6.15835567057477,-0.0782114761942887,0.833673414694849,-0.864945810016724,-2.92808725163998,-3.39663241593608,-1.49816437407075,2.20061702333086,1.28306112412543,-1.23346290968483
4.11879253384742,-0.619286632641827,-0.476485284676867,2.82292184893843,0.885022741026166,-0.859567760217915,-3.13695342683989,1.52817614532556,-0.311036332512736,2.13146782636188
0.734247305282169,-0.266327238063228,0.662092883358477,-0.600067392928446,2.19446492284302,-0.560205625795599,2.69733767891441,0.848112687436828,0.488453354734256,-1.52464097681032
0.65613753188235,-0.814212167980907,0.389129959888991,-1.27077776007018,-1.62087649917577,1.67074238881746,-1.36604048145949,-0.0201773099600949,1.42496824180291,3.61373565943959
-0.495911557336781,-1.47234498043262,2.4021394697743,0.244869323980131,-1.53695340887539,1.98090633119947,-0.42566371403365,-0.146369751890495,-1.57421896931581,-4.45439075049482
1.79777363321787,-1.35713281924159,-1.99634712954092,-1.70870931499178,2.52424188610139,-2.57323215425054,0.76300659142014,2.65639312953763,2.98333008456453,2.65747974140061
0.417865834915006,0.510748917965937,1.32622706614423,-0.183812637263675,3.03000204211373,-0.136815074642423,-1.29112004345444,-0.230382189153466,-3.03342380826268,1.64737670818405
-1.95412082492972,-1.58032314243764,1.82572145336947,-0.662309564211928,-0.456851947721569,-3.48064744633477,-1.5935493508732,-2.47032138577914,0.85014816975227,-1.92711501518527
0.25609894246185,3.11900699509718,1.14404170315225,-3.65331965945315,4.19193251649271,-1.2075306041994,-1.64826653733442,0.783121321398067,-0.0156155566519418,-3.42860061398955
-0.669005622213374,-3.07969063455268,2.19809584923659,0.97808926661112,0.241715558642056,0.135865296832396,0.11975966259087,3.54273412135608,2.66790347797996,0.796893661240335
0.262420399198292,-0.347877289614147,0.952273371216818,1.4209265229643,-0.00409233171468603,0.121985769094743,-0.254946562445119,1.60559240727228,4.16014753703901,-2.30872355973267
-1.61316355117623,4.09196858214305,-0.547822373713761,0.592459682322879,1.64324848293295,-0.0493784378455069,-1.77209973598773,-4.97929295430791,2.03008032794287,1.07443907355567
-1.7572372099275,1.63879559594467,-0.0793644769614056,-0.91946830543433,-3.06432455083042,-0.881130394244723,0.678605976419696,2.56763671415764,2.32267353243321,-0.509902100525533
-2.77023542848338,-0.302268709953914,2.3062045219824,-0.199841057809006,-1.85588700678722,-4.08862837606895,-0.945955933769454,0.0373973287595476,-0.5663985964176,-0.130729679125049
-0.17283635562921,-0.341177149620033,-1.7983053095329,0.658057928884421,3.3611916291621,-2.95605058449981,-1.89011638286277,1.68768192633079,3.79234461985037,2.5985696318503
-0.118851216737982,-1.80565096284227,1.62529621362147,-0.99889001852482,0.249281099593121,-0.127588305255912,-3.00303531290668,1.04482680605774,-1.43123817189151,1.10007723144855
1.14708943186089,0.876621865890527,-2.14530861159637,1.82376181027011,-0.123673341960329,-1.13753803391561,3.06748408144974,-0.350984993157199,1.81139196238596,-2.93753833352914
2.63648312302484,1.52121979456521,-2.40430780916751,3.7318240711831,1.06449582354271,-1.60491118895381,2.79247879000493,4.37086385361334,-1.07508964508035,0.765938254019744
-1.79857680437703,-0.232994969717668,-4.99825837412313,-0.919188168531121,-0.290118819155538,-0.910325544648415,-2.39965806043545,-1.92605767867235,-1.22443280913906,-2.16618049043393
3.2137126657214,0.519975989905453,-1.86567786923086,-0.197948119950311,1.00856901019031,-0.486874154941005,1.08941596923046,-3.14462118050272,0.60578092786466,1.35087644700501
0.983542971102482,0.118529846624895,-2.0914264047743,1.54497881046382,-1.08503303347255,0.657999806526458,-0.455823292088169,1.06195275797662,0.377714578976726,1.12111761609397
-0.705661403057666,-2.10529140181548,-0.181484668892652,-1.19611480676456,1.66763542176023,0.852806967296553,-2.5633306040643,-4.01739973025309,-0.322133048083088,-0.800427868273891
-4.58435047295238,-2.96242907352004,0.455828673360135,0.975724339568629,2.00231470580589,-4.72173711886339,0.668213382847747,2.29262574429097,2.59634049045967,-0.602723384876615
-2.9058758984259,-0.345472423355953,-1.26526160421655,-1.59840267591249,0.341247163501399,-1.96941492981121,-0.460988867560912,4.26270755122112,4.09771590096519,1.66884548058553
-2.78755778385957,1.41197022895586,-2.97577408690822,0.831027685699876,0.532505803913318,-1.18054163450068,-2.34382181636184,-1.71608507708194,0.632858032351476,-0.445946665077832
1.70050762262604,2.71210809529303,0.520676353707371,0.0153395096228236,-1.2172646489811,3.2874691600557,3.71236178813679,4.65368027071751,-0.239762679149877,0.793804960193235
2.09153200618363,3.3519027318121,0.352909344834956,0.726501997526307,2.48527187121354,-3.3528008565228,0.199864756014707,2.45781256681389,-3.67369838977903,-0.856360184257048
1.96176737064997,1.15690540455696,2.44239782090518,-0.121753830679334,-1.9222438218385,0.953108138615004,-0.785790373568311,-1.63687325056272,-0.463710538529427,0.488016139244948
0.356836041384847,1.65892574880791,-2.38564816714649,-0.734440040290048,-0.68202045294525,2.19238644557155,-1.83714675309547,2.86190808555641,-0.0355383290589579,0.608981651459948
-0.654917704564317,-0.223300982497297,-0.361096752437922,-1.55217283948714,-0.354586662191722,0.242886899261138,0.743699556588413,-3.46546686394498,-0.327406857434009,1.00485125722029
1.24433922103075,-1.46211106841912,-3.4866025730512,3.40768647247594,3.99092768750479,-5.21941243650115,1.40476233107208,1.35441771338454,1.96673355779533,2.44592121244837
-1.15451164149128,1.39021814861673,0.395219760860131,-0.727552018889414,-3.69761314443757,0.412800404627919,1.93235762894923,-1.69340562894479,1.58653345285782,-0.821472266115756
-0.675590618166834,-0.741491758357607,-4.05343104552365,1.54604959504179,0.432035493665123,-1.34688473783053,-0.332266740345679,-1.60771035273795,0.398836529767053,2.95642765814982
0.263036772742844,-0.427135909634607,-2.69369323380817,2.68577581314441,2.00057783318268,0.228798482677883,0.307996820915439,2.66293919535941,0.479737939901682,-0.757286474177884
-3.85237456336605,4.17177950280928,4.72899934027746,-1.45182723272139,2.49105061318071,-3.76705256876227,0.512389595154138,1.29162776703184,0.457041279761098,1.23807364933668
1.64473948999503,3.53013933776432,-2.36172911439598,-2.06765622933309,0.825412861486954,0.157935976669181,-3.01744908513029,4.84813201548781,6.60529894721361,0.255198802346131
-1.0567364523292,1.86185898749257,-5.63575976721086,0.38849913194813,0.565940909743418,-1.26414453211081,-1.48922274501718,-0.136310008099073,2.37800771910714,-2.38474705680266
0.666030603497084,-2.36187950923868,2.4142821072483,-3.48442382423581,3.95704492503142,1.72514836607912,0.711401571736306,-3.63251128543913,0.463498892557571,-1.94667099037937
-1.73137747130567,-2.60766710794169,1.6524631107065,-2.17573075349555,2.45099249677388,2.52358128549102,0.636078899443968,-0.721704616789614,-1.3890311727915,-1.87691721875751
0.0126607016705326,-1.56675212771416,2.14217638209947,-0.601881858533379,0.348330957507339,-1.67992611844126,3.1471726670472,-0.29514557170467,-0.488805557952748,0.0794758552720269
-1.1264067419776,-0.303038112552955,3.50552188252565,-3.77190075856998,-4.27618414594136,0.756995322973568,0.66192881070747,0.0496470815900075,1.92346134285813,-2.25187708497363
-2.34101393634287,-0.331955903500384,-3.11634968518308,0.598714634641513,1.26400545737375,-1.97315682704551,-3.75254903702955,-1.91838662609093,2.64704820499337,-1.69679846861089
0.794224206338698,1.84802744855047,0.163169728540211,-0.357325185713435,1.28210464512871,1.33983811365433,-0.576723857482481,0.791036243805839,1.26253354288321,-0.941027123488005
4.94529943751079,1.0444738307325,1.18379357705881,-2.62961771809476,1.10420159240467,2.91373664661781,-2.49786480255405,-0.720304401871782,0.483758775392242,0.727925785272293
-1.15571262390441,-1.12506638158506,0.017070624917206,-2.11308265571377,0.333284995374125,-1.33172795929165,-2.11127221120694,2.77867073048443,-3.02749449772156,-1.21348854340396
-3.3200696413701,-0.721696631802304,-0.00632457306017344,1.6056430623339,2.58233907240257,1.98264467301214,3.13527012580509,-0.958476667230384,2.3201784757266,-1.63423609469723
1.00371616610344,-1.02129418366573,-0.622134265334363,2.47045283214977,0.372692839381002,0.422813291909374,0.464186372387451,-0.301966327149636,0.423084504100368,-3.91558674681071
-1.43956217933284,-0.735802949444503,-2.62565203784584,2.08016715696167,-0.745145998574559,1.07805484414153,0.09379842159333,-2.40073033850392,1.75327270959023,2.94968147891229
2.67177861922203,-1.12298541259582,-1.71759402045448,1.09026023819341,-0.761909620447404,0.948475892826418,3.74937234109056,0.611504948751563,0.616318020068045,-0.52748450216544
-1.0003952953566,-3.35730787874369,5.22784786719203,-1.83861760960119,-1.36113037183016,-0.747742141593783,2.92577712606731,-2.73530829368651,1.90465662179312,-2.80999181767718
2.45929081319953,-1.86597044876449,3.35103158426744,1.22596829951033,1.65851140572035,-1.83539650379434,-4.52336973487219,1.73319792329038,-0.362360309135402,-2.96162545420469
0.0268266757983031,-1.76339992039399,3.23733321799837,-1.74923543447079,1.11294718562677,-0.0220131023779201,0.0670868321600188,0.40342295201738,-1.2824487625369,0.944941776483366
2.27111382655246,-0.572609938326689,-1.53665917058505,1.19722781441792,-2.11099906092821,1.71328274185595,-1.17852994370155,-1.05522194744357,1.44753602379397,-1.10299087133778
-0.920520735538066,-1.2487359401406,-2.92709295308638,1.52521466857428,1.90296215150118,0.599234402854287,1.21017642614301,-0.821230381759292,1.00212458657969,1.92902734735472
-1.83827638043896,1.12279554276501,-4.1663077978733,-2.19966468299848,-0.120111023554679,1.7482055724962,0.414052875362372,0.936183310737981,0.63172798604901,2.39627101264388
0.772545167116095,-1.31024895269243,3.18270899470262,-0.176091392057708,1.05144477386301,-2.02138062247733,0.718396298558663,-0.00681234899039385,0.442375800894298,4.2395902222411
1.57765377344404,-0.139638640940541,1.64207577909007,0.786840530344682,0.574499064867013,-2.48045002192692,5.94970649988613,0.946278714322325,2.37330656731666,-4.95357754568878
2.08645877930026,-0.630287550133472,-2.0359631400751,-0.360529178331331,3.38922288894417,0.274219044392952,0.32445273271068,-2.1107521732523,3.60056367353122,2.19904482965612
-0.205422862161614,2.46931481430627,-1.60121023019565,0.298364334763053,-3.10047315218945,1.11336260831165,-0.265523810315199,-1.53040478151521,0.219416100739217,-0.230156808312433
0.940991718358092,-0.535976244935761,-2.16585989859059,4.35546181637378,0.861861177903862,0.537915820844248,-1.9877246186162,-1.155722831292,-2.76485581076575,0.218812863213866
-1.12921548759558,-0.343287730270634,3.06772078582029,-1.73728824555293,1.05267198656549,-2.98122163438277,0.367226439957969,-2.02518262827031,-5.04391235447951,-2.12734409770695
0.614346111057797,1.453870837986,1.83298381188926,2.38810618444762,-0.846583866089445,-1.10607136700076,-0.113286335805096,0.890318193221089,-0.925092455805035,-3.11807402651075
-2.30525220292379,-1.04375109210948,-0.344887703806766,-0.0853008757817085,-1.5950566133642,-0.861815990139455,2.68835101664532,-0.135706284711073,5.52245491182002,1.10640910656912
4.42845707779211,3.38397757980401,-0.140407639583379,4.20807733997522,-1.95108200027141,0.61836042794372,-0.132648994616221,1.91383689315214,-1.75445558994587,3.70599399767895
1.081702548589,-1.01686410084251,-2.3444146996646,0.547126033223722,-3.47378357057015,0.855061028427546,-4.57113309393895,-1.10994128818234,2.06518353023377,1.06821392537355
0.780968253864112,-1.43581161819256,0.021902524149787,4.27042161833578,-0.455474709252981,2.27463888562979,-2.32514925323022,-4.03364047920258,2.6781117244513,0.288891656858492
0.89524637157669,2.51780240994429,-1.39802280100516,-1.88334708865883,3.24230292404411,-0.368041287395721,1.52893474664752,-0.52849125636078,0.771223316298608,1.13949900083787
-3.18806244209487,-0.411496064728729,2.84845180918196,1.38340386703411,2.67618149876313,2.46272770702574,-0.4729333820878,0.242515765032693,2.29714986181337,2.71158469902321
0.155418267262445,-0.118201555594661,1.95189255614718,-0.146341289532787,-3.37843631194651,-2.62102144582774,-1.54393818368474,4.52597138748549,1.33766982759259,0.205123914350656
-1.26664204251459,0.196039012553446,0.533398209805906,0.402518438773021,-2.83793304609203,-4.19345594479336,-0.0297004382728196,1.1311296434746,0.96251586816162,0.751886292782067
-4.23791102016096,1.30824829788616,1.84109597388431,0.186253143276548,0.52112087513574,1.82564222210809,0.616820514110952,1.24408278585683,2.37215478450337,1.02911996409388
-3.40699314831657,1.61612993218269,1.57267292733057,-0.289009901859936,1.97559594493308,0.698787985117318,-2.33374790893505,0.927311567462487,-0.738785556309214,-0.660926384516889
-2.25701561735021,-2.86541510987583,1.11688782961225,1.95949622314446,-2.67960430106484,2.54186739277484,-0.701628283800378,0.971471036771013,-2.29900624173865,-0.420785819604558
-5.01202514267194,-0.85427716876471,-0.181833099991886,1.26937388774791,0.592650389926134,-1.12243261886037,-0.610237395327335,-1.48962776186798,-3.02014958957343,4.19093413996538
1.88994977783186,-0.627626347903571,0.0401537018940177,3.07360352589717,2.62259708023255,2.47176776577958,4.32825818541026,0.28825387793269,-3.12263740259237,0.34891737302179
1.97735442541645,2.44151019913506,-0.46968572270082,-1.49142957236215,0.982967600551426,3.6670785247373,2.21225177897121,2.83263361670952,-1.38444361900219,-1.84075430678517
0.032989744513458,-1.06744700519954,0.577185635307602,0.778616610492864,-0.904496570575194,-1.32680833942468,0.0789896756754135,-0.28928152761519,-0.190376081254128,-1.31352641373461
-2.45372329701782,-0.102065235581138,0.450531024498806,-0.348301209537853,-3.57460510568536,-1.48898859321139,-2.03033459023142,-2.41261118646005,2.24049741746858,-3.29927886256247
-4.4781088802653,0.777495497584159,0.806377953201621,-0.29463706353633,1.66890409499228,-2.33907463603677,1.1184395643661,1.68393646021843,0.195239670431569,1.33353494885678
0.867097779444096,-0.0558823063286397,1.01840202898525,1.54222507850463,-1.74800664967491,5.06497762329453,-4.09911643288387,2.40079911995018,-0.97145776833086,1.05922742464304
0.366720615125369,-0.455368405872599,3.26779319873065,-4.16601928444567,2.67567965361928,0.647893127846921,-0.416023362202599,-0.174092348574607,2.8460779936987,-0.798369981213489
-1.55213001929001,-0.592863123171092,0.507792208136975,3.11807774257455,2.82915532034369,-2.23130007750973,1.06504770977989,-2.05415029952826,-2.24510337774873,3.68661765487228
-1.41282396087978,-1.50746157808302,-1.37847451145978,-1.63270230052236,2.35726099813746,1.34722255242344,-0.494551341204624,-0.878799753230955,1.20703328168535,-1.56807479980578
-0.491174182585989,-1.95227229014463,1.85134614634512,-0.370429853401584,3.09417571214247,0.505079594607752,0.834580908010336,-1.19214930386535,1.69961898836515,0.689533030851764
-0.812950799372744,-1.12489209194315,-0.0829310528359097,1.96685374272632,3.04959206599161,3.19463822449039,3.59889822492276,-0.744315834802908,-0.476076939957978,-1.05237902326186
-2.99034642139642,-0.00356603307826943,1.66700960258922,-0.493160406905126,1.87490729814465,-1.91079769884473,0.808670221345821,-4.32205792619843,-0.735218736013003,-2.24431820913867
-1.87137037772414,-1.31476360958516,5.15273957306343,1.24679049288291,1.56850155455937,-3.19348198699818,0.16238151964963,-0.647162062340886,0.119821513519594,-0.702237251606901
-2.41866595640134,-0.560860245040916,0.924501998559552,1.77912710136555,2.87704053727385,-0.210682298114086,-0.84618226863277,-0.118188548054592,-1.09698615338584,-0.81428303612393
2.75269045921809,0.200403738386315,-0.00271742175772196,-0.584797130146184,1.24750681746421,0.108223827213675,1.04555201336457,4.55463219034276,0.149220200393325,-1.62209352044739
-1.12339961539589,-1.13363398301086,0.867691964434388,1.34320757537608,-0.215245819332516,-1.05737339743318,-2.23453397063778,-0.682222847796858,0.482081370133233,1.00860897528732
0.53436089207132,1.36000524628551,1.48553111793552,-0.416747838120165,-1.54061680855802,0.509299550855975,-1.19722423338257,-0.519754631238098,-4.3756146692074,-1.2544600284686
-0.611906128057314,0.38925707982076,-1.1919232556569,1.03267995668254,-0.0566691823005344,2.53841438342316,3.22910088455601,-0.270253543585826,1.71089269645962,-4.85808311337452
0.095931559827051,-0.666147846586341,-1.6345793082166,1.42130586180098,-2.83298128348525,-0.942992842441537,-0.641103445531258,-0.64046905277173,0.298754284963569,-4.26605967808702
0.32153358699116,3.64600709366998,3.17039511206258,1.07726331593722,-0.378304129615351,-2.1883074025441,0.962045781879211,-0.792009117618699,1.19963270108619,-0.572493590692833
-0.641060387367882,3.61429674370749,1.29364900918531,-0.569151407869035,-1.37837869851856,3.77522926821937,-2.51490192713826,2.67383251948318,4.42028531478718,-3.84596334916392
-1.37749445865036,4.36369756115976,1.82554001657166,-2.18261140510241,-1.56667419282334,0.0670060526431363,1.16660038110906,2.03310294096838,-0.686005589183377,1.43217738856741
1.91630784113048,-1.60242816213406,0.019422077685642,2.2262289832495,-0.799066024849426,0.508770615247284,-1.41910208936466,1.02472406819123,0.487661659441568,0.0420644818252362
0.336680505251242,-2.21951945791528,-2.84025287251683,2.2770848336404,-0.274212913683242,-2.76863639228506,-2.35318316754413,-1.3085507541996,-4.60717903761595,1.59836731713278
3.61225169399215,-2.26602672411029,-2.1501984766321,-0.504676602873645,-0.986593297452182,1.44722730214726,0.618243167668962,-3.07159959484526,-2.26731001473697,-1.15497840843456
0.295287221256888,-0.449066858378645,2.33432709075443,3.83828498820817,0.0881778943903615,0.200278880382613,-0.98617458261617,0.480860228454534,0.369811188938727,1.53271007384357
1.81195572817704,1.19617827639272,1.08635320246149,2.29567730151075,-0.326684873629072,-4.10390148101627,1.15231255303461,1.2688803126014,2.56126606947769,0.909468671120666
-0.94700993815498,0.612652080820651,-2.36640268501873,3.48864741703995,0.245869475502933,-1.80949637769631,2.613576508531,0.711339798376781,2.93543673307597,0.309125740089408
-0.130671467864013,-1.5521286699511,4.16143406033551,-0.485134196755929,1.97784471778802,2.80256241954842,1.67142313742564,1.86468625288963,-2.5031662350317,-1.65220182320086
-0.903520837014373,-2.58295539221823,-2.15087167686672,3.48532239543598,-0.369401131934485,-1.57962415689027,-2.91738614723002,1.17271794774633,-0.492159326769296,-1.22142095314484
-0.689126003474072,-1.05868408791118,-0.84317094895465,-5.33000554605448,3.0061037881779,0.0417867434088888,-2.02061079240133,-1.76801649623565,2.65437971669651,0.0565092800375761
-1.26029094752587,-3.63620447494811,0.721213722450151,-2.28550095808589,3.09104778977908,-5.01506046305538,-2.07474130575504,1.32504820944592,0.554813369440368,3.36533787821216
-1.68915769485964,0.863416918736309,-0.356585098386141,-1.13445084458286,1.1435026845239,0.115743631438372,0.376672652322076,1.15300788481739,-0.975394625643797,-0.163334047914744
-1.79877478352719,1.35687693424159,-2.27216319378208,-0.291894568493225,2.34640694715506,0.645661010200632,2.61236069123063,0.357763869666794,0.138982387647123,1.94708681683545
1.91749453706903,-0.733498589004724,1.10886701712913,-1.02470396143651,-1.57662944529529,-3.21668947660747,1.42211555554274,0.387636712943329,-2.73789771083906,0.976458550368283
1.22656657788436,-4.569414947865,-3.35697207312652,0.484770740919691,1.77636882750549,-1.9131533720704,-1.42095817715294,-0.446750132111945,3.90272426330748,0.735777372905778
-2.00873506396058,2.1213066144718,-1.42693406373055,2.36069201245651,1.62605916969348,-1.88175694717137,-3.09891133595384,4.08853919708797,0.766716113880715,-2.27761432728546
-2.69960212522309,1.5068014487709,1.60794964638427,1.07013874604299,-2.87103116305444,-1.74199038935579,2.20673238058184,-1.94502868614634,-1.5011072038708,-2.4496039890116
0.342105570837004,-0.531499542796943,-4.53810756673125,1.17379844064638,-0.295543256607585,-2.6430435255658,1.35326648604209,-3.4670164323507,1.33505416591454,-1.03888013493625
-1.55515739438892,3.36997645730211,-0.0529301370091538,2.22391468629863,-0.35124979289381,1.98647034732149,2.44442690349431,2.32975025584953,0.229033397206745,2.37771089111337
0.313951035946154,0.867939233836071,-3.52847981098606,-1.25853396421209,2.07342907501449,1.41588141209737,0.549366919568918,0.163200015059014,0.935495293434935,-0.326712188057397
-0.949607623076539,-1.85844434076582,1.12480741950383,2.78200204556383,-0.22797667131941,-1.4476649224034,0.783020586082001,1.22731337138031,0.255099691631255,0.313772515754256
-0.232527937395164,0.722551688207398,1.13946984432919,1.13129176796648,-1.62876786351188,-0.640437332050882,1.35575968515748,-0.713723890752487,1.35381101338095,-4.76316240978078
-0.886467280762123,-0.277222749871223,-0.693088048523647,-4.03975908079648,-3.6408488560645,3.44366955828679,1.55186880557484,-0.663635857316238,-0.517086289357926,-1.89252054861374
