0.536130346729168,1.09962729772056,-0.625500820522049,0.23264914809002,0.928160628574339,0.0902883285814918,0.798975969516155,-1.19204567277278,-1.43493439578062,0.180866274655509
0.308708858043197,-0.221158862589193,0.401162464382784,0.273258113840112,-0.832333453557516,-0.418568847472044,-0.793593527770691,-0.511444081459394,0.828840117232984,-1.02399193211424
-0.651762014074796,-0.605894962570585,0.159459957217296,0.98161733492229,1.06511397693885,-0.274175040844205,-1.22057194089826,1.07285092298253,-0.207413664703366,-0.605398316297943
-1.01233101975245,1.33720802353957,-0.242094492931307,-0.605223701286978,-0.727482643242847,-0.87647252853068,-1.0363609535017,-0.670725473645814,0.235989996455431,-1.06028241664397
-0.246898374234822,0.178954310138215,-1.44864094779423,0.925886521590053,0.961385548812005,-0.266086464675042,-0.167550534756189,0.13306793022771,-0.164609490422941,-1.22157997976474
1.07436259918274,-0.671734654123189,0.629178179485964,0.141992710444901,-0.0750680008946579,1.24091078745206,-0.380487981906254,-1.59136901066983,-0.0437315644671991,-1.35102884164746
-0.672459831767992,-0.557504254492761,0.61946023935458,-0.110952680756459,-0.502416896554721,-0.9665800837149,1.45770912111391,-0.518354834333722,0.674191747727383,-0.0557936225021031
0.0431612083526937,-0.298393604695793,0.706413361451748,-0.446546679412499,0.200015576934851,0.196611002746621,-1.19356476767226,0.0474995359063481,0.633259630363604,0.206602917573923
-0.839424030040799,-0.978082778357212,1.90469640967795,0.103040007058803,1.11249791176901,0.461076170139182,-0.155331690529886,0.00615801830938931,-0.0262772599543619,-0.521443342054261
0.00285426812226713,-0.18583190646403,-0.637679972775945,-0.681601653423958,0.472275730656081,-0.420930703956737,-0.104804845768146,1.21001401504339,-0.872430751104672,-0.831773639037697
0.815289590325655,0.302441554267918,0.457635192245931,0.975022688431878,-0.678749052057144,0.927071470900316,-0.480628578647265,-0.824449958437633,0.754111736891613,1.15338995728095
-0.938389457001385,-0.107582647150637,0.682192029481623,-0.968129226564698,0.508875915151852,0.584046716020615,0.171949277483994,-0.752834632369704,1.19973299127313,-0.51862276632063
-0.205999529314779,0.626163158689365,1.31423766640006,0.0976840591893143,1.71588273985768,-0.416424196656154,0.149224500882269,0.420194483327306,0.509932164568154,0.882676429496376
0.878194095194502,0.174629827812713,0.774502067200334,-0.393722809742245,0.932122431304748,-0.270100297829259,0.10820542003829,-0.105652266714754,-0.360795465799568,0.889651465378224
-1.25752469327135,-0.297363562350936,-0.78100063235444,1.87222755721172,-0.2847726856442,-0.258697754399077,0.557817575882827,-0.444754373272724,-0.196664954390798,0.596047050357371
0.417889885327338,0.444087102326044,0.823672722302737,-0.774207759862316,0.839129061466636,0.717483460840001,-0.201143795986554,-0.801110723295946,1.3597662987316,0.295229027780087
-0.362911887663111,-0.698582290462667,-0.0342558938922374,-1.189779453967,0.175771015217779,0.230023829113937,-0.335924792119916,-1.15238733762364,-0.856123650485096,0.617076098565779
-0.996857544457153,0.549571752375881,-0.553324264272639,-0.85606582074333,2.02532976969209,-1.65488995427422,0.45646891853401,-0.0529537693499302,0.727426194310234,0.860712951931061
-0.428406544077895,0.0854536414553953,-0.135178439914538,0.324257956753065,0.715067651574462,0.175982271719599,-0.258586440903589,-1.77074202536823,1.19292117756776,-0.0848177742633146
-0.400932852291643,-1.62487212932712,-0.803278684762138,-0.533856056216816,0.115095923191225,-0.562639003412512,-1.0410955791563,0.383785311599348,-0.601239101912284,-0.110054529128008
0.601566739858013,-0.0674056971947593,0.308428979603675,-0.292631279437162,0.447348132821446,1.82066442520825,0.587158116002756,-0.764104798731355,0.648034730401688,-0.155089522002709
0.333932149043697,-0.380903222194609,-0.0639868752274209,0.473493671754659,-0.466191141855163,-0.30535996299051,1.14828174117032,-0.578873637734962,0.514894520068706,0.296265487971917
-0.443366341857138,0.588079243648601,-0.316443697470226,0.301899469747879,1.12245090064724,-0.977023220240967,-0.16184093025588,0.277357082968716,0.260253802451654,1.11770575418713
0.706878372447308,0.393648171299868,-0.391527018571447,1.10789937624344,-0.194745466385529,-0.652645324770742,0.460271023257483,0.849525863820799,-1.50288203095406,-0.799358737799406
1.41381731644809,-0.296225526569592,0.736061103361797,-0.210935393895214,-0.638854166645714,-0.584831559381065,0.73872035387912,0.323201275727099,1.54202829747828,-1.19717103665155
-0.937845591325229,0.607143903860453,-0.00980130717953351,0.601763819473297,-0.417442230648745,-1.69430802975217,0.230197926770122,-0.71829517014113,0.571966190492458,0.680165099813072
0.700226683595379,-1.3565420627216,-0.937244333867171,-0.637552393078463,-2.1483263816549,0.381120830541383,0.176756164479686,0.373614531098391,-0.515340031560734,-0.583998632810817
-0.10163166039383,-0.405168679590559,-0.448784269576421,-1.191035271518,-0.282654158070668,0.156126540445043,-0.152730408833312,-0.564184125821445,0.271816446119595,-0.603478444024994
1.18582433389623,-0.887461380826795,-0.0232384431425334,-0.346320761107185,0.273094893157244,1.37174767923972,0.815044521227278,1.09111575041566,-0.620789570510387,-1.00282724322559
0.894659811338919,0.661838574588394,-0.0620680314181945,1.20135850497003,-0.799431508801148,1.21388941768907,0.55416384376604,-0.486688679632504,0.745977370552991,-0.115739885055425
-0.644253805759398,-0.58203021096246,0.770516651087613,-0.0857570007499445,0.677290194961335,1.9990421926586,0.119436598394356,0.287123974418819,0.184292107344209,-0.144332475042158
0.0688210279380165,0.464761837061565,0.577273049504238,-1.01059016917359,0.539182905306737,-0.493685313330037,-0.154299784272625,-0.330585294061545,-0.0150653893505192,-0.343759633657512
0.920346790921024,0.220552169136687,0.62493269645154,-0.879435218748508,-0.606357854722855,0.209493128423474,-1.96360195901251,1.66763565914389,-0.564771261779878,-0.577925055978573
-0.676048749075335,-0.0771290162237931,1.02597799531027,0.52506730882318,-0.876501815837172,-0.930885029746742,0.40360169687478,0.317102733329194,1.78424871737233,-0.736810567104097
-0.783698078578685,-0.949492308500886,0.787097771684271,0.0566779549558251,-0.748414134905823,-0.506990535412603,0.673856840073451,-0.497684988501067,-0.330880718806969,-0.602375620987286
0.296317511865263,0.838584272033298,-0.148935505596528,0.915650631402665,0.707530110591312,-0.455149903960218,-0.213436538867941,0.258928897692665,-0.544411115199703,-0.453332284311943
0.492022153307061,-0.890197147838606,0.124920273191649,1.60880452419378,-0.982634032567539,-1.09101931738961,-1.0343104499388,-0.141744910275929,0.379614717766532,1.35876681190584
0.935726950524607,-0.347215471515612,-0.748115433398468,0.260315370826294,-0.678275194835817,1.37088126408471,-0.00149601298146282,-0.629973587113403,0.00145675446069019,0.65772780608901
1.77486111014186,0.139794679539148,0.990599626999009,0.0752774553782752,-1.57135769717686,-0.664873976646027,-0.555346203737743,-1.09052555377084,0.299543016284504,0.381328564827458
0.915718304951781,-0.43504714692054,1.90624770515971,-1.16261848420685,-0.552932906485983,0.354903201018694,0.271984864791581,-0.593876540165427,-0.947731916193407,-1.50530321512446
0.784915727149045,0.634354045693046,-0.101514517171168,0.0611571167460368,-0.245909430085443,0.0731871802436321,-0.752627821243832,-1.37891415187995,0.00959118472694168,-0.18779313542834
0.921057745721256,0.520140636070495,0.686831499082167,0.65625196129783,0.0690704095540791,0.839181771533066,1.96698410435891,0.73002742937138,1.49686469610794,-0.795575026111185
-0.0965502041011258,0.351527522011812,0.162497598816271,-1.9153206000987,-0.66815618576607,-0.34836521567044,1.25240364271661,-0.340509156536504,0.941796084799203,0.144945533799492
-0.245778546369119,0.00651815433373278,0.251615560708458,0.452612876028193,-0.459765934388106,-1.1890919554222,-0.266151454237082,0.20161414170815,-0.788868414284913,-1.79855475003249
0.271179233819918,0.417920880898986,-0.273576119651294,0.0427185493583177,0.406006320618804,0.254633288865417,-1.127862114936,-0.127724744299761,-1.19011663108632,0.116984021334548
0.597526851063137,-0.255711352793145,-0.683123301367327,-0.443434548487937,0.0456128360302127,1.01992783849452,-0.355607745862956,-1.32542190858769,-1.18567811769524,-0.559093314933034
0.298041369633057,0.888778765231196,-1.0763633702209,-0.103434333425312,0.0691531179408714,1.99531865520895,-0.490077255229031,-1.42373719587479,0.913263875659337,-0.30913223781391
0.0544529321741733,-0.0759129833158333,-0.17357825869351,0.674768484466261,-0.272446916351429,0.283233441986445,0.0150649248563014,0.661742012133942,-0.954668235768783,-0.22703979636757
-0.505002997140826,-0.591799926716266,0.874561164335068,-0.672449379752501,0.791914482541752,0.535213865009077,-0.74276425105105,0.17057297322288,-1.00438672753105,-0.719427781433414
-1.06372599398413,0.221904845198427,-0.760746395472099,-0.906445633642235,0.0116730768066835,0.509055865728073,1.35864021170532,0.798412393848593,-0.489797272323071,-0.4839479186503
-1.73746864154371,-0.077583413157503,1.21820404674747,-0.773954278757292,0.714626151204056,-0.0672057433851457,0.215709712793274,0.042837226985439,0.861850984057486,0.294367004000525
-0.758333449105028,-0.28309478808347,2.73091069304558,-0.201980402450129,-0.0176980028131302,0.24994444553984,-0.558566333255119,0.259093872826451,-1.53430888753546,-1.27213530965177
-0.489038568780324,0.492765549475769,-0.629213758540835,0.804394923788228,-0.461768767701396,-1.27625026227729,-0.734025747204505,-0.116851401413789,-0.57967020787227,0.71674467020596
1.26747079740031,0.412803268428505,-2.09202160930347,0.264264159649211,1.30412750186878,-0.0857559060191148,-1.29249002618548,-0.722801970761689,0.8963381948685,-0.669279419707408
0.0549995916246281,1.4736040807129,-0.862983012030693,0.493309494943457,0.387189050564018,1.51350133045368,-0.684781396895979,0.418555430223076,-0.849982853618393,-0.956101008574128
-0.955724815615918,0.357180845280702,0.615196455758133,-0.41891341157062,0.241380857203683,-0.314361273197861,0.00148128336022434,-0.472978997160939,-1.62625050664052,0.682124287671337
0.0972558580308059,0.656134283441818,0.748079540628526,-0.814618995186596,0.134467450550748,1.03782615501927,1.27888383006472,-0.498542276492596,-0.443314750162334,0.832146748812752
-0.800640207171044,-0.732692566592313,2.26532004641428,-1.49633116265265,-1.30491844643063,-0.384441728727884,1.29240049537036,1.1147865899719,0.333209744205697,0.583843762959145
-0.817227081503628,-0.202917648869007,-0.234814211653472,-0.751095820727868,0.30974353004547,-0.471978236419806,0.130321607663812,0.467935419033071,-0.679943102494433,-1.61093406984987
-1.08205004899293,-0.360594942620736,1.17423280359349,-1.64643905875786,0.177695616715671,-1.22448867936878,-1.34187847906751,-1.40147946868813,1.21911578038419,-0.903422958377379
0.407416234796472,0.293859417995522,-0.450229602870789,0.868661264400426,0.0964713459279209,-0.523646737147977,0.130873877744758,-1.35761488591898,1.2902016223333,1.01084194603323
-0.842147002608013,0.296593955078423,0.626810885454456,-0.739968332887672,-0.0196736889511204,0.0697748575101662,-0.963782143375332,-0.375734702103545,-0.364005542964366,0.0819609086759861
0.141832849532492,-0.717401080991681,0.24382041258196,0.237109368958959,0.273391533626987,0.725212002099053,-0.114930428872981,0.246554177948119,0.25133379184333,-0.0538131812379541
-0.224313392038047,0.535573104513457,0.0684465200710472,-0.317653932574382,0.127140165380631,-0.0287002537185227,0.553425535261866,0.7272421194692,0.222582884474323,1.32465109025418
-0.0383614320056544,0.172107896553464,0.571193837348334,-0.689060491544705,-0.121535665405789,0.273421073577266,0.267458071814554,0.879589702382618,-0.629599387874585,-1.01661822988826
-0.890549735086088,-0.278357924383352,0.736077788640158,-1.02537155124449,-0.239416722952916,-0.355838621302113,0.580472413921905,-0.503890503059932,-0.522298493038901,0.616332390515573
0.120725247152906,-2.06655475021821,-1.40090776701796,-0.454760677480533,-0.905077593407472,0.481557739864076,0.718745879654118,-0.158554068732815,-0.564573488472999,-0.410618165192327
-0.512768092486151,-0.106842343665124,0.120315423101972,1.1442612836993,-0.501508549584785,0.948742725492885,1.26977453389146,-1.02096203163915,-0.45196483023689,-0.367338257137166
-0.797426393606964,-1.16101870174759,0.511106339386873,1.14522223567884,-0.557571574947176,-0.45641186758054,-0.480837981632767,-0.997848552103046,0.99139258504155,0.153547134948706
0.966006281703211,-1.04649512722895,-0.276406642800574,-1.00769234797783,0.253914222983093,-0.571175623432411,0.119375198729022,-0.772462963377936,-0.164040588907321,-0.455108814301843
0.870978765980394,0.0716168084502817,-0.76274326644896,0.283238182537786,-0.525687328376259,0.932247243421404,-0.0608940336569,-0.415454865008047,-0.0596213556922367,0.906814761099164
0.0825372813029229,-0.36942179663511,-0.224189038793454,-0.638354617807988,0.530882207729532,-1.24628538419341,0.429763795587374,-0.510962119715451,0.594724267284715,0.0803133278937056
-0.515384464916812,-1.06484090622661,0.798455202770384,-1.22370750532292,-0.238686457367299,-0.841849228026648,0.689817674816724,1.20157502971526,-0.418630803544121,0.590438815161142
-1.02683742142792,-0.902924073069562,1.29343805123965,0.417566719875183,-0.481271506963156,1.87042986003006,0.657587155782581,-0.631465360488317,0.288329780635912,-0.870436476078574
-1.56042348606657,-0.119335672854532,-0.190888299743949,0.0902501863678525,-0.502518311767758,-0.368970253364774,0.969109687460317,0.182932056762834,0.945320863634004,1.54289615013793
1.00048282866125,0.505119192561699,0.41885435521744,2.35231910598981,-0.434898110272447,-0.656422894786045,-0.553693243091136,-0.321901967079351,0.249727563169789,0.576340849642664
0.529997585408831,-0.354273310710522,0.535205042882734,-0.367009598719948,0.728318085250934,1.04128918861576,0.797547390953394,-0.0756936505580401,-1.16755360401103,-0.765332414097897
1.47568235861089,1.75518376249074,-0.479761380043106,0.0883141497910731,-1.0955763756768,-0.398635176820063,1.41422948257475,0.264344216927648,0.0112594188602903,0.614903409957525
-1.30040733473044,-0.534872458307435,0.337311283833356,0.323034785584284,-0.0535291544202583,0.362641835019073,0.223781366587821,0.384468219369984,-0.414776156965857,-0.619112157237496
0.289129194490017,-0.29525943596736,1.3359330792823,1.03835672113565,-0.257415634760791,-1.36538499577977,0.599863476637416,1.11613410631327,-0.156407240597232,-1.26290126802345
-0.810176926283927,1.14568823262041,-0.231862317271105,-0.717752720898528,-0.0474170638661269,0.136079400403401,-0.364501668887438,0.197122606948901,0.674433035498119,1.43144379657402
-0.486172544524376,-0.82793993461787,0.893056767478769,0.223790353338127,-0.155557606131369,0.07812570942861,-0.858957764390819,1.49007057671488,-0.214616975242364,-0.864356531838384
-0.631070267948514,0.354383220258738,0.182964913561477,0.14678292683569,0.720119139732927,0.252853360397803,-0.0486173173326395,-0.826460769505558,-0.64690702655933,0.256511203821248
0.603738354094228,0.794395057110797,0.137658596817781,-0.476610854723911,0.0760951397623625,-0.927597382993594,-0.611115629596594,0.708751746613735,-0.356195388914906,0.618002757537674
0.295977491265262,-0.381191940515264,-1.55534818295533,-0.586612273885251,-0.247965444060958,1.13242472663953,0.0786338454104902,0.611786908995457,0.114348654922708,0.000451752227678727
-0.156912327146672,-1.24623453868384,0.584198012836795,0.245347024597753,1.54659724533563,0.503678402105942,1.31274944632764,0.299071889022669,1.10580647432915,0.0011003926809277
-0.167436797843191,-1.83632976605012,0.822457106362982,-0.133675672490297,-1.16064690743343,-1.16951458925752,0.00415546310982247,-1.73138464070766,-1.24460756932407,0.287555318233047
-0.543371059245993,-0.242852891140567,-0.76751537815908,-0.595507782253788,0.447514640303478,0.222065986088177,0.0366330336186919,-0.894694444522872,1.65237484054542,0.0814552279306107
-0.585698709745169,-0.4827542275369,1.32163117510297,0.708432910467696,1.08349870498388,0.808616489240288,0.401575504865798,0.036844389155779,0.389405716515004,0.448818800478874
-2.13786650502816,-1.13984069084633,0.171078462208742,-0.67924155828084,1.40026767030013,-0.498254602194242,-0.192395960325806,0.103239510908276,0.347998178437338,-0.691044252586312
0.771812129597861,0.223777506231859,1.27885176099163,0.837123373243917,1.08707207344497,-0.253597287713544,-0.453139494379031,-0.317864136359199,-1.15142126267835,-0.875066894443294
-1.09500749102813,0.278727973165125,0.147763046262941,0.338394178701749,0.246546049180816,-0.700407518569287,-0.135488169472069,1.03352233426772,-0.535161136691181,-0.999545664976965
-0.826302591402236,-1.42761572501965,0.386011475339932,0.345707145298921,0.469804835786843,-1.58733994307987,-1.05580295920036,0.00216422813470265,0.443119148438535,0.67336982257769
-0.275484734968822,-0.260268787340293,-0.258491633125899,1.15654319969592,0.783807315286736,-2.04261504550314,-0.950230732255504,1.37642285825689,0.116486685984222,1.20917805242895
0.974329783513844,0.942859661821869,0.530984951898983,-0.296147997588683,-0.861623732975798,0.588127996201037,-0.925908402585269,-0.521568903767978,-1.33854432883501,-0.646823908559632
-0.499160903493509,-0.21197173098598,-0.648630221268868,1.8739249943213,0.532193917577537,-1.03416023836329,-0.717184984351506,0.38337074357902,0.0927384830608438,0.439961866110473
0.441939351222924,-0.0169220980077446,-0.106467336228382,0.668575286657005,-1.17895145668072,0.693668322272687,-0.84609326546665,-0.2988470894137,0.347300206330056,-0.841248463262394
-0.312393774604983,0.0823593657620269,-0.574651927298438,1.24213734463235,-0.912230841430581,-0.148333420739855,0.00231614770966422,-0.613489251212208,0.2794392748525,1.10789812327951
0.342569366987466,0.505080872694278,-1.23255217465546,-1.10278213863113,-1.71997089115749,-1.39245099406845,-0.564090060670485,0.398336839321131,0.145554585334717,-0.921772140350236
0.724706242754258,-0.227924483655112,0.468388408744301,-0.798122441777258,-0.030394216681785,0.0890938152054138,0.0340840239743532,0.832180971875768,-1.09671376620003,1.23171312596456
