"depth","shrinkage","nTree","loss","auroc","auprc","occ.corr","det.corr","occ.MAE","det.MAE","bag.frac","nSites","nVisits"
NA,NA,1,1.82761163366283,0.766268276860123,0.542870048447206,NA,NA,NA,NA,0.2259,327,3
NA,NA,10,1.10962137477408,0.837476920005988,0.675983288944801,NA,NA,NA,NA,0.2259,327,3
NA,NA,100,0.754860778827224,0.908575777234393,0.831398481019721,NA,NA,NA,NA,0.2259,327,3
NA,NA,1000,0.184511271174356,0.978738959029892,0.937943274393967,NA,NA,NA,NA,0.2259,327,3
NA,NA,101,0.892889724926992,0.907699985029193,0.832392767451997,NA,NA,NA,NA,0.2259,327,3
NA,NA,102,0.926887315897148,0.907989420629772,0.830953168220538,NA,NA,NA,NA,0.2259,327,3
NA,NA,103,0.761776150034406,0.908243924347522,0.831072114830588,NA,NA,NA,NA,0.2259,327,3
NA,NA,104,0.774408764994825,0.90646239832327,0.830019780052101,NA,NA,NA,NA,0.2259,327,3
NA,NA,105,0.61708526017173,0.906237836219372,0.83016823306681,NA,NA,NA,NA,0.2259,327,3
NA,NA,106,0.845886766097327,0.904481261539997,0.828434432275576,NA,NA,NA,NA,0.2259,327,3
NA,NA,107,0.741583487414191,0.905199860272469,0.828715266483344,NA,NA,NA,NA,0.2259,327,3
NA,NA,108,0.673943372457421,0.907687509356754,0.830934199568457,NA,NA,NA,NA,0.2259,327,3
NA,NA,109,0.682449836131705,0.907086181945207,0.829130564365831,NA,NA,NA,NA,0.2259,327,3
NA,NA,11,1.37098578606021,0.840229053345975,0.683963283143068,NA,NA,NA,NA,0.2259,327,3
NA,NA,110,0.845121830656768,0.907734916912022,0.831330398477374,NA,NA,NA,NA,0.2259,327,3
NA,NA,111,0.885859881009057,0.907450471580418,0.831792298825992,NA,NA,NA,NA,0.2259,327,3
NA,NA,112,0.764925212526661,0.906342631867858,0.831748966321977,NA,NA,NA,NA,0.2259,327,3
NA,NA,113,0.823522884088452,0.906013274115475,0.831868777219923,NA,NA,NA,NA,0.2259,327,3
NA,NA,114,0.800407577604255,0.905519237486901,0.829994952747845,NA,NA,NA,NA,0.2259,327,3
NA,NA,115,0.887235344507127,0.90395728329757,0.827730298044933,NA,NA,NA,NA,0.2259,327,3
NA,NA,116,0.825760939543659,0.904431358850242,0.828906001257663,NA,NA,NA,NA,0.2259,327,3
NA,NA,117,0.862934713162545,0.906482359399172,0.829589791957861,NA,NA,NA,NA,0.2259,327,3
NA,NA,118,0.707980006157098,0.906517291282,0.830408135525569,NA,NA,NA,NA,0.2259,327,3
NA,NA,119,0.807994407256202,0.907971954688358,0.829601184539836,NA,NA,NA,NA,0.2259,327,3
NA,NA,12,1.29219328797739,0.842759119716553,0.684143139778523,NA,NA,NA,NA,0.2259,327,3
NA,NA,120,0.780225316737335,0.909269424621987,0.831303956578601,NA,NA,NA,NA,0.2259,327,3
NA,NA,121,0.71433921947287,0.910257497879136,0.833573491677446,NA,NA,NA,NA,0.2259,327,3
NA,NA,122,0.824069363581285,0.912014072558511,0.836310271722243,NA,NA,NA,NA,0.2259,327,3
NA,NA,123,0.712238378198955,0.912772593442787,0.837859776276173,NA,NA,NA,NA,0.2259,327,3
NA,NA,124,0.834671881404017,0.912163780627776,0.837840542027459,NA,NA,NA,NA,0.2259,327,3
NA,NA,125,0.836240718609934,0.910816408004391,0.836010954861017,NA,NA,NA,NA,0.2259,327,3
NA,NA,126,0.79060139420396,0.911223114925894,0.836009756791469,NA,NA,NA,NA,0.2259,327,3
NA,NA,127,0.657307041666022,0.911642297519836,0.836802062849907,NA,NA,NA,NA,0.2259,327,3
NA,NA,128,0.809166312376644,0.912525575128499,0.837332310969766,NA,NA,NA,NA,0.2259,327,3
NA,NA,129,0.702660627982209,0.912365886521283,0.836815544571057,NA,NA,NA,NA,0.2259,327,3
NA,NA,13,1.07438315620237,0.845728329756974,0.689741625781433,NA,NA,NA,NA,0.2259,327,3
NA,NA,130,0.706813646625306,0.912785069115225,0.837758138526374,NA,NA,NA,NA,0.2259,327,3
NA,NA,131,0.795479195256617,0.913458755426917,0.838447913879195,NA,NA,NA,NA,0.2259,327,3
NA,NA,132,0.945159317970415,0.913778132641349,0.838848097182633,NA,NA,NA,NA,0.2259,327,3
NA,NA,133,0.700018967584546,0.914027646090124,0.839844807789008,NA,NA,NA,NA,0.2259,327,3
NA,NA,134,0.654433583989718,0.914880982084934,0.841049451075058,NA,NA,NA,NA,0.2259,327,3
NA,NA,135,0.866018445190385,0.916368082239633,0.844261821944183,NA,NA,NA,NA,0.2259,327,3
NA,NA,136,0.765808304917756,0.917051749089276,0.844964989085113,NA,NA,NA,NA,0.2259,327,3
NA,NA,137,0.808860016469093,0.918034832077449,0.846421561763461,NA,NA,NA,NA,0.2259,327,3
NA,NA,138,0.520578592347902,0.91864364489246,0.847692765542673,NA,NA,NA,NA,0.2259,327,3
NA,NA,139,0.805547894360149,0.91889814861021,0.84765095379646,NA,NA,NA,NA,0.2259,327,3
NA,NA,14,1.09238277662856,0.847652078447028,0.691131221246285,NA,NA,NA,NA,0.2259,327,3
NA,NA,140,0.756770423411321,0.918992963720745,0.847068936992414,NA,NA,NA,NA,0.2259,327,3
NA,NA,141,0.881349035122642,0.919931134288138,0.848594760283859,NA,NA,NA,NA,0.2259,327,3
NA,NA,142,0.657889045043433,0.919726533260143,0.849858102288813,NA,NA,NA,NA,0.2259,327,3
NA,NA,143,0.704613729794712,0.920015968860722,0.850117004822094,NA,NA,NA,NA,0.2259,327,3
NA,NA,144,0.677650910311114,0.91874345027197,0.84979150244488,NA,NA,NA,NA,0.2259,327,3
NA,NA,145,0.739281608893386,0.920495034682369,0.851502488221119,NA,NA,NA,NA,0.2259,327,3
NA,NA,146,0.768766521072509,0.920475073606467,0.852216672849305,NA,NA,NA,NA,0.2259,327,3
NA,NA,147,0.688183892586376,0.920859324317581,0.852474491651201,NA,NA,NA,NA,0.2259,327,3
NA,NA,148,0.517264412136109,0.921408253904885,0.854372784880385,NA,NA,NA,NA,0.2259,327,3
NA,NA,149,0.581420804981544,0.922326463396377,0.854207558464473,NA,NA,NA,NA,0.2259,327,3
NA,NA,15,1.09173047274263,0.847986426468387,0.696352180680765,NA,NA,NA,NA,0.2259,327,3
NA,NA,150,0.6373314306716,0.922476171465642,0.855972991486152,NA,NA,NA,NA,0.2259,327,3
NA,NA,151,0.671795529846521,0.922326463396377,0.856505938369542,NA,NA,NA,NA,0.2259,327,3
NA,NA,152,0.839406314507874,0.921952193223215,0.854208173572749,NA,NA,NA,NA,0.2259,327,3
NA,NA,153,0.643450115805057,0.921917261340386,0.851331398241929,NA,NA,NA,NA,0.2259,327,3
NA,NA,154,0.682274790411661,0.921842407305754,0.850907146265563,NA,NA,NA,NA,0.2259,327,3
NA,NA,155,0.714461028612217,0.922121862368382,0.852107470890179,NA,NA,NA,NA,0.2259,327,3
NA,NA,156,0.754034522448047,0.922081940216578,0.850353703074104,NA,NA,NA,NA,0.2259,327,3
NA,NA,157,0.519736616012949,0.922670791955686,0.851918808198021,NA,NA,NA,NA,0.2259,327,3
NA,NA,158,0.637014496527455,0.922700733569539,0.851988450593975,NA,NA,NA,NA,0.2259,327,3
NA,NA,159,0.802724979225789,0.923344478267379,0.85336192136766,NA,NA,NA,NA,0.2259,327,3
NA,NA,16,1.16571524151108,0.848949548380658,0.695423839760118,NA,NA,NA,NA,0.2259,327,3
NA,NA,160,0.636347319644786,0.92420779480014,0.854083990805281,NA,NA,NA,NA,0.2259,327,3
NA,NA,161,0.636408846192717,0.924901442187734,0.855475382408163,NA,NA,NA,NA,0.2259,327,3
NA,NA,162,0.600969414256759,0.924966315684415,0.855584563660739,NA,NA,NA,NA,0.2259,327,3
NA,NA,163,0.560038408889046,0.923898398123659,0.854020508736317,NA,NA,NA,NA,0.2259,327,3
NA,NA,164,0.663956175210183,0.923988222965218,0.85430946171464,NA,NA,NA,NA,0.2259,327,3
NA,NA,165,0.79584496016127,0.924048106192924,0.853499952136346,NA,NA,NA,NA,0.2259,327,3
NA,NA,166,0.748538345452777,0.925006237836219,0.853356608960351,NA,NA,NA,NA,0.2259,327,3
NA,NA,167,0.592897513003275,0.923189779929138,0.852735289516921,NA,NA,NA,NA,0.2259,327,3
NA,NA,168,0.589129618230065,0.923596486850641,0.853291612002188,NA,NA,NA,NA,0.2259,327,3
NA,NA,169,0.628271780411776,0.923970757023804,0.854940070161455,NA,NA,NA,NA,0.2259,327,3
NA,NA,17,1.13342664814702,0.850149708069265,0.700120299028842,NA,NA,NA,NA,0.2259,327,3
NA,NA,170,0.828262325564971,0.923930834872,0.856960913019325,NA,NA,NA,NA,0.2259,327,3
NA,NA,171,0.72325220003905,0.924464793652378,0.856880693637065,NA,NA,NA,NA,0.2259,327,3
NA,NA,172,0.737487227195452,0.924464793652378,0.856894225194261,NA,NA,NA,NA,0.2259,327,3
NA,NA,173,0.58453529086895,0.924170367782823,0.856940119136791,NA,NA,NA,NA,0.2259,327,3
NA,NA,174,0.586823711984772,0.924759219521932,0.858188169721104,NA,NA,NA,NA,0.2259,327,3
NA,NA,175,0.588929285223479,0.92458456010779,0.85888652468465,NA,NA,NA,NA,0.2259,327,3
NA,NA,176,0.721312353799173,0.924744248715006,0.859047841248925,NA,NA,NA,NA,0.2259,327,3
NA,NA,177,0.678503173308491,0.925887020310395,0.860332608416546,NA,NA,NA,NA,0.2259,327,3
NA,NA,178,0.736480417653843,0.9261914267179,0.860484105702517,NA,NA,NA,NA,0.2259,327,3
NA,NA,179,0.648244142656752,0.927134587554269,0.861694334832039,NA,NA,NA,NA,0.2259,327,3
NA,NA,18,1.14373329210293,0.858643145865562,0.713491783918285,NA,NA,NA,NA,0.2259,327,3
NA,NA,180,0.606818836334163,0.927004840560906,0.861701287356236,NA,NA,NA,NA,0.2259,327,3
NA,NA,181,0.702945156409885,0.926343629921653,0.859822240584176,NA,NA,NA,NA,0.2259,327,3
NA,NA,182,0.60140102436764,0.927132092419781,0.860966240460547,NA,NA,NA,NA,0.2259,327,3
NA,NA,183,0.675939230444023,0.92756624582065,0.861720847660481,NA,NA,NA,NA,0.2259,327,3
NA,NA,184,0.579792742567915,0.927795798193523,0.862726270841072,NA,NA,NA,NA,0.2259,327,3
NA,NA,185,0.663852846431663,0.927416537751385,0.861550873190611,NA,NA,NA,NA,0.2259,327,3
NA,NA,186,0.6976637065833,0.927501372323968,0.861798065477152,NA,NA,NA,NA,0.2259,327,3
NA,NA,187,0.674184844878023,0.927775837117621,0.862318919407175,NA,NA,NA,NA,0.2259,327,3
NA,NA,188,0.691101793805153,0.928080243525126,0.862361254699799,NA,NA,NA,NA,0.2259,327,3
NA,NA,189,0.729190698887334,0.927990418683567,0.862677327447511,NA,NA,NA,NA,0.2259,327,3
NA,NA,19,1.0425474580761,0.861337891112331,0.723316644135308,NA,NA,NA,NA,0.2259,327,3
NA,NA,190,0.598798809275022,0.928239932132342,0.863198250921351,NA,NA,NA,NA,0.2259,327,3
NA,NA,191,0.687177493914872,0.928354708318778,0.864250551174661,NA,NA,NA,NA,0.2259,327,3
NA,NA,192,0.757926147595929,0.927431508558311,0.863817081415135,NA,NA,NA,NA,0.2259,327,3
NA,NA,193,0.61079382817419,0.928254902939268,0.865140892185818,NA,NA,NA,NA,0.2259,327,3
NA,NA,194,0.667919066820788,0.928200009980538,0.865130037221796,NA,NA,NA,NA,0.2259,327,3
NA,NA,195,0.679540219727356,0.929098258396128,0.866677141877938,NA,NA,NA,NA,0.2259,327,3
NA,NA,196,0.417964280752485,0.929517440990069,0.86651474168738,NA,NA,NA,NA,0.2259,327,3
NA,NA,197,0.728054369596753,0.929637207445481,0.867441090183958,NA,NA,NA,NA,0.2259,327,3
NA,NA,198,0.608982944277623,0.928983482209691,0.867981865109408,NA,NA,NA,NA,0.2259,327,3
NA,NA,199,0.654685890534078,0.928903637906083,0.867278197873801,NA,NA,NA,NA,0.2259,327,3
NA,NA,2,1.41352554464852,0.779914167373621,0.556780934774439,NA,NA,NA,NA,0.2259,327,3
NA,NA,20,1.25961038404964,0.861744598033834,0.727271382667247,NA,NA,NA,NA,0.2259,327,3
NA,NA,200,0.56172250985041,0.928409601277509,0.865945616029051,NA,NA,NA,NA,0.2259,327,3
NA,NA,201,0.713378386652947,0.928050301911273,0.86418489712273,NA,NA,NA,NA,0.2259,327,3
NA,NA,202,0.628284464707191,0.928509406657019,0.863817810177418,NA,NA,NA,NA,0.2259,327,3
NA,NA,203,0.645529952830486,0.929966565197864,0.865161812820844,NA,NA,NA,NA,0.2259,327,3
NA,NA,204,0.751216237717998,0.930490543440291,0.866186782308764,NA,NA,NA,NA,0.2259,327,3
NA,NA,205,0.747081999207057,0.930864813613454,0.866432676943284,NA,NA,NA,NA,0.2259,327,3
NA,NA,206,0.57373073461289,0.931343879435102,0.866470264760818,NA,NA,NA,NA,0.2259,327,3
NA,NA,207,0.753642692883355,0.931029492489645,0.867398985351616,NA,NA,NA,NA,0.2259,327,3
NA,NA,208,0.611936363765168,0.931593392883876,0.869181302357897,NA,NA,NA,NA,0.2259,327,3
NA,NA,209,0.703270760398418,0.931543490194121,0.86897275897251,NA,NA,NA,NA,0.2259,327,3
NA,NA,21,1.22216533618223,0.861906781775538,0.725677514033146,NA,NA,NA,NA,0.2259,327,3
NA,NA,210,0.726805009018575,0.930750037427017,0.866676145942096,NA,NA,NA,NA,0.2259,327,3
NA,NA,211,0.73619991644466,0.931174210289935,0.867728400039135,NA,NA,NA,NA,0.2259,327,3
NA,NA,212,0.681457987543499,0.931114327062229,0.867059104824088,NA,NA,NA,NA,0.2259,327,3
NA,NA,213,0.723983838875239,0.931625829632217,0.867412438488384,NA,NA,NA,NA,0.2259,327,3
NA,NA,214,0.643638964308831,0.932359399171615,0.868890225335732,NA,NA,NA,NA,0.2259,327,3
NA,NA,215,0.627885256918815,0.932089924646938,0.86863980252351,NA,NA,NA,NA,0.2259,327,3
NA,NA,216,0.541283020441158,0.932863416338141,0.869383301248414,NA,NA,NA,NA,0.2259,327,3
NA,NA,217,0.505165842288621,0.933532112380857,0.871122561585723,NA,NA,NA,NA,0.2259,327,3
NA,NA,218,0.481721386865608,0.933187783821548,0.869454456059776,NA,NA,NA,NA,0.2259,327,3
NA,NA,219,0.60683802913432,0.933691800988073,0.870784880416805,NA,NA,NA,NA,0.2259,327,3
NA,NA,22,1.27098546697062,0.862807525325615,0.726811056665237,NA,NA,NA,NA,0.2259,327,3
NA,NA,220,0.624318824436898,0.93336244323569,0.870714847673274,NA,NA,NA,NA,0.2259,327,3
NA,NA,221,0.631730241126894,0.933936324167873,0.871312522687409,NA,NA,NA,NA,0.2259,327,3
NA,NA,222,0.645954667045737,0.9344603024103,0.873778511183323,NA,NA,NA,NA,0.2259,327,3
NA,NA,223,0.527912864535262,0.934709815859075,0.874380727301025,NA,NA,NA,NA,0.2259,327,3
NA,NA,224,0.487106402698327,0.934694845052148,0.874922152326214,NA,NA,NA,NA,0.2259,327,3
NA,NA,225,0.644277665359055,0.935732820999052,0.876002717630198,NA,NA,NA,NA,0.2259,327,3
NA,NA,226,0.623124511868239,0.934879485004242,0.873400150068557,NA,NA,NA,NA,0.2259,327,3
NA,NA,227,0.451540705903641,0.933986226857628,0.87197745037604,NA,NA,NA,NA,0.2259,327,3
NA,NA,228,0.582518526705922,0.933836518788363,0.872400463047687,NA,NA,NA,NA,0.2259,327,3
NA,NA,229,0.579125797135998,0.93326263785618,0.870649114239019,NA,NA,NA,NA,0.2259,327,3
NA,NA,23,1.10901771667158,0.865472328958531,0.732056148785125,NA,NA,NA,NA,0.2259,327,3
NA,NA,230,0.637038274363881,0.933766655022706,0.871238018507202,NA,NA,NA,NA,0.2259,327,3
NA,NA,231,0.660084417133666,0.934140925195868,0.871944745714408,NA,NA,NA,NA,0.2259,327,3
NA,NA,232,0.491270696034405,0.933442287539298,0.870679350870134,NA,NA,NA,NA,0.2259,327,3
NA,NA,233,0.557013647498359,0.933851489595289,0.871190072269411,NA,NA,NA,NA,0.2259,327,3
NA,NA,234,0.557444000647235,0.933756674484755,0.870657898846841,NA,NA,NA,NA,0.2259,327,3
NA,NA,235,0.544028814017089,0.932344428364689,0.868019641850934,NA,NA,NA,NA,0.2259,327,3
NA,NA,236,0.527154380016493,0.932344428364689,0.867339855891543,NA,NA,NA,NA,0.2259,327,3
NA,NA,237,0.738652767125473,0.931860372274066,0.86612167351544,NA,NA,NA,NA,0.2259,327,3
NA,NA,238,0.578522605787079,0.931366335645491,0.866166904373075,NA,NA,NA,NA,0.2259,327,3
NA,NA,239,0.575969743392251,0.93245421428215,0.86870037792654,NA,NA,NA,NA,0.2259,327,3
NA,NA,24,1.09232677114556,0.868591247068217,0.736706001765625,NA,NA,NA,NA,0.2259,327,3
NA,NA,240,0.608483386575498,0.933068017366136,0.870101355724184,NA,NA,NA,NA,0.2259,327,3
NA,NA,241,0.745098362667617,0.932823494186337,0.870072545741776,NA,NA,NA,NA,0.2259,327,3
NA,NA,242,0.618383450106532,0.933147861669744,0.870688722860331,NA,NA,NA,NA,0.2259,327,3
NA,NA,243,0.654714114751152,0.933347472428764,0.870951471203838,NA,NA,NA,NA,0.2259,327,3
NA,NA,244,0.491150009701579,0.933631917760367,0.872272745476688,NA,NA,NA,NA,0.2259,327,3
NA,NA,245,0.590368770639803,0.934974300114776,0.873712971911244,NA,NA,NA,NA,0.2259,327,3
NA,NA,246,0.685098152803636,0.935408453515645,0.873230269790233,NA,NA,NA,NA,0.2259,327,3
NA,NA,247,0.543588778346708,0.935538200509007,0.87335891215212,NA,NA,NA,NA,0.2259,327,3
NA,NA,248,0.58702956358733,0.934904436349119,0.873593298684503,NA,NA,NA,NA,0.2259,327,3
NA,NA,249,0.642331006527606,0.935388492439743,0.873744697359664,NA,NA,NA,NA,0.2259,327,3
NA,NA,25,1.05768313912158,0.866882079944109,0.736369004489882,NA,NA,NA,NA,0.2259,327,3
NA,NA,250,0.576587549217339,0.935263735715355,0.873080542405681,NA,NA,NA,NA,0.2259,327,3
NA,NA,251,0.590754096847736,0.935608064274664,0.874308654181413,NA,NA,NA,NA,0.2259,327,3
NA,NA,252,0.610007052842525,0.935942412296023,0.874466214826874,NA,NA,NA,NA,0.2259,327,3
NA,NA,253,0.668222535194433,0.936122061979141,0.87558426952873,NA,NA,NA,NA,0.2259,327,3
NA,NA,254,0.682690890239429,0.937259843305554,0.878236525708074,NA,NA,NA,NA,0.2259,327,3
NA,NA,255,0.526266602872554,0.937808772892859,0.879292321352892,NA,NA,NA,NA,0.2259,327,3
NA,NA,256,0.53581494271481,0.93787364638954,0.878497021284618,NA,NA,NA,NA,0.2259,327,3
NA,NA,257,0.565007888390906,0.937639103747692,0.878605367952975,NA,NA,NA,NA,0.2259,327,3
NA,NA,258,0.452788780307553,0.936800738559808,0.876420736832893,NA,NA,NA,NA,0.2259,327,3
NA,NA,259,0.573471714788957,0.937244872498628,0.876886301919354,NA,NA,NA,NA,0.2259,327,3
NA,NA,26,1.00711249246363,0.867460951145267,0.737548176014877,NA,NA,NA,NA,0.2259,327,3
NA,NA,260,0.492022575921077,0.939315834123459,0.880496044287151,NA,NA,NA,NA,0.2259,327,3
NA,NA,261,0.468916331807803,0.938896651529517,0.879304951791584,NA,NA,NA,NA,0.2259,327,3
NA,NA,262,0.606087615749649,0.938851739108738,0.879120358151527,NA,NA,NA,NA,0.2259,327,3
NA,NA,263,0.734837147824398,0.939238484954339,0.878978052032891,NA,NA,NA,NA,0.2259,327,3
NA,NA,264,0.554381024010777,0.939413144368481,0.87859470622596,NA,NA,NA,NA,0.2259,327,3
NA,NA,265,0.509635559376309,0.939158640650731,0.879200095110666,NA,NA,NA,NA,0.2259,327,3
NA,NA,266,0.611013110848164,0.939238484954339,0.882276177593753,NA,NA,NA,NA,0.2259,327,3
NA,NA,267,0.603832330348009,0.939318329257947,0.881531953653177,NA,NA,NA,NA,0.2259,327,3
NA,NA,268,0.563689722827796,0.938150606317681,0.879348114846291,NA,NA,NA,NA,0.2259,327,3
NA,NA,269,0.579569517967247,0.938519886221867,0.880461975393629,NA,NA,NA,NA,0.2259,327,3
NA,NA,27,1.14660067929093,0.867500873297071,0.73364845515308,NA,NA,NA,NA,0.2259,327,3
NA,NA,270,0.478020612650166,0.938155596586656,0.879869931495094,NA,NA,NA,NA,0.2259,327,3
NA,NA,271,0.470473352756503,0.938519886221867,0.879022662040496,NA,NA,NA,NA,0.2259,327,3
NA,NA,272,0.560590800227879,0.937646589151155,0.878565653608196,NA,NA,NA,NA,0.2259,327,3
NA,NA,273,0.576037934684808,0.936319177603673,0.875393951614904,NA,NA,NA,NA,0.2259,327,3
NA,NA,274,0.413930448666677,0.936059683616947,0.875131929103919,NA,NA,NA,NA,0.2259,327,3
NA,NA,275,0.477105485764194,0.93611208144119,0.876023574668156,NA,NA,NA,NA,0.2259,327,3
NA,NA,276,0.552106927677476,0.93641149757972,0.877241836582265,NA,NA,NA,NA,0.2259,327,3
NA,NA,277,0.559805674608359,0.938033334996756,0.879106423473139,NA,NA,NA,NA,0.2259,327,3
NA,NA,278,0.544269033778396,0.938741953191277,0.880443309264275,NA,NA,NA,NA,0.2259,327,3
NA,NA,279,0.540495575492137,0.939240980088827,0.881793239316608,NA,NA,NA,NA,0.2259,327,3
NA,NA,28,0.970651245835746,0.869753979739508,0.738523404639213,NA,NA,NA,NA,0.2259,327,3
NA,NA,280,0.508126368509816,0.940388741953191,0.883717745967699,NA,NA,NA,NA,0.2259,327,3
NA,NA,281,0.558743379172061,0.939245970357802,0.882328156059169,NA,NA,NA,NA,0.2259,327,3
NA,NA,282,0.605949225069156,0.937733918858226,0.879284768431524,NA,NA,NA,NA,0.2259,327,3
NA,NA,283,0.568201540683778,0.937758870203104,0.878381437187364,NA,NA,NA,NA,0.2259,327,3
NA,NA,284,0.505064557803848,0.93781875343081,0.878956464823242,NA,NA,NA,NA,0.2259,327,3
NA,NA,285,0.705174906076471,0.939046359598782,0.881014602429544,NA,NA,NA,NA,0.2259,327,3
NA,NA,286,0.464446320388351,0.939061330405709,0.880780998746685,NA,NA,NA,NA,0.2259,327,3
NA,NA,287,0.683018664061734,0.938881680722591,0.879850080480044,NA,NA,NA,NA,0.2259,327,3
NA,NA,288,0.543927178593073,0.938262887369629,0.878279016570761,NA,NA,NA,NA,0.2259,327,3
NA,NA,289,0.550544748373522,0.938931583412346,0.880249464974105,NA,NA,NA,NA,0.2259,327,3
NA,NA,29,1.05397369803053,0.873356953939817,0.748281673584699,NA,NA,NA,NA,0.2259,327,3
NA,NA,290,0.461105694550696,0.93821797494885,0.878172437358497,NA,NA,NA,NA,0.2259,327,3
NA,NA,291,0.653095709391029,0.93811816956934,0.877930524091769,NA,NA,NA,NA,0.2259,327,3
NA,NA,292,0.552628330893618,0.938252906831678,0.877576513345155,NA,NA,NA,NA,0.2259,327,3
NA,NA,293,0.610686418589727,0.940598333250162,0.880805664315941,NA,NA,NA,NA,0.2259,327,3
NA,NA,294,0.497452988841412,0.940867807774839,0.88133461311575,NA,NA,NA,NA,0.2259,327,3
NA,NA,295,0.524982347821253,0.941606367583213,0.882592126912537,NA,NA,NA,NA,0.2259,327,3
NA,NA,296,0.575400738383387,0.942055491791008,0.885273161879378,NA,NA,NA,NA,0.2259,327,3
NA,NA,297,0.463888270632829,0.942569489495484,0.885927620662041,NA,NA,NA,NA,0.2259,327,3
NA,NA,298,0.490354865840497,0.942614401916263,0.885819815908168,NA,NA,NA,NA,0.2259,327,3
NA,NA,299,0.515501597799628,0.942838964020161,0.887040775560501,NA,NA,NA,NA,0.2259,327,3
NA,NA,3,1.47846028856973,0.803607964469285,0.618906354237705,NA,NA,NA,NA,0.2259,327,3
NA,NA,30,1.05506987584551,0.873381905284695,0.748369005089251,NA,NA,NA,NA,0.2259,327,3
NA,NA,300,0.59596993784683,0.942117870153201,0.887253330520642,NA,NA,NA,NA,0.2259,327,3
NA,NA,301,0.528446255014991,0.942571984629971,0.886666282632182,NA,NA,NA,NA,0.2259,327,3
NA,NA,302,0.371323343805654,0.943500174659414,0.887845757414535,NA,NA,NA,NA,0.2259,327,3
NA,NA,303,0.498654074100616,0.943724736763312,0.888513415279591,NA,NA,NA,NA,0.2259,327,3
NA,NA,304,0.567122519415295,0.944148909626229,0.888036168495118,NA,NA,NA,NA,0.2259,327,3
NA,NA,305,0.50896597528015,0.944752732172264,0.890371485821351,NA,NA,NA,NA,0.2259,327,3
NA,NA,306,0.576048675063409,0.94501222615899,0.891991448178753,NA,NA,NA,NA,0.2259,327,3
NA,NA,307,0.550179615596661,0.94541144767703,0.893078587790844,NA,NA,NA,NA,0.2259,327,3
NA,NA,308,0.5188931095083,0.945371525525226,0.892372051721118,NA,NA,NA,NA,0.2259,327,3
NA,NA,309,0.403128025951045,0.945725834622486,0.892712946921752,NA,NA,NA,NA,0.2259,327,3
NA,NA,31,1.01882516378862,0.873641399271421,0.746570281071603,NA,NA,NA,NA,0.2259,327,3
NA,NA,310,0.537256701967585,0.945905484305604,0.893958670271279,NA,NA,NA,NA,0.2259,327,3
NA,NA,311,0.541349321859138,0.946906033235191,0.89438067648398,NA,NA,NA,NA,0.2259,327,3
NA,NA,312,0.496385848945518,0.947300264484256,0.894969822841862,NA,NA,NA,NA,0.2259,327,3
NA,NA,313,0.450643575904061,0.947260342332452,0.894897660212471,NA,NA,NA,NA,0.2259,327,3
NA,NA,314,0.471060513975486,0.946930984580069,0.894070266108347,NA,NA,NA,NA,0.2259,327,3
NA,NA,315,0.608069697940171,0.948103697789311,0.895400426635953,NA,NA,NA,NA,0.2259,327,3
NA,NA,316,0.479956664717616,0.947125605070113,0.893538927267181,NA,NA,NA,NA,0.2259,327,3
NA,NA,317,0.492971654448568,0.947744398423075,0.894521808370835,NA,NA,NA,NA,0.2259,327,3
NA,NA,318,0.578143732524407,0.947809271919757,0.894476807847501,NA,NA,NA,NA,0.2259,327,3
NA,NA,319,0.377367123859879,0.948857228404611,0.895578608571662,NA,NA,NA,NA,0.2259,327,3
NA,NA,32,0.860695741537555,0.872538549827836,0.747661554477383,NA,NA,NA,NA,0.2259,327,3
NA,NA,320,0.603576324992191,0.948453016617596,0.894841938167366,NA,NA,NA,NA,0.2259,327,3
NA,NA,321,0.477826115782093,0.947474923898398,0.89197072759983,NA,NA,NA,NA,0.2259,327,3
NA,NA,322,0.683122816966456,0.947799291381806,0.8932079786465,NA,NA,NA,NA,0.2259,327,3
NA,NA,323,0.583333829506193,0.947504865512251,0.892730049835078,NA,NA,NA,NA,0.2259,327,3
NA,NA,324,0.479486109072163,0.947454962822496,0.891767361757952,NA,NA,NA,NA,0.2259,327,3
NA,NA,325,0.576483691060527,0.94854783172813,0.894967310504873,NA,NA,NA,NA,0.2259,327,3
NA,NA,326,0.540646776824904,0.948942062977195,0.895430302503464,NA,NA,NA,NA,0.2259,327,3
NA,NA,327,0.68875628501748,0.949760467089176,0.896683884232349,NA,NA,NA,NA,0.2259,327,3
NA,NA,328,0.461576604761938,0.950449124207795,0.89893799207018,NA,NA,NA,NA,0.2259,327,3
NA,NA,329,0.384893733472585,0.950728579270423,0.900241632293895,NA,NA,NA,NA,0.2259,327,3
NA,NA,33,0.915239153111992,0.874873995708369,0.749265092626672,NA,NA,NA,NA,0.2259,327,3
NA,NA,330,0.345190284034611,0.950878287339688,0.900451683140319,NA,NA,NA,NA,0.2259,327,3
NA,NA,331,0.539483620494853,0.951112829981536,0.901765160363932,NA,NA,NA,NA,0.2259,327,3
NA,NA,332,0.620253886207891,0.95095314137432,0.901182134801731,NA,NA,NA,NA,0.2259,327,3
NA,NA,333,0.581308485201839,0.95045411447677,0.8991591298689,NA,NA,NA,NA,0.2259,327,3
NA,NA,334,0.593614586095815,0.950908228953541,0.900058091659892,NA,NA,NA,NA,0.2259,327,3
NA,NA,335,0.540808071845981,0.95039922151804,0.898742874925801,NA,NA,NA,NA,0.2259,327,3
NA,NA,336,0.470974671971812,0.950778481960178,0.899365419777842,NA,NA,NA,NA,0.2259,327,3
NA,NA,337,0.457421446379375,0.951362343430311,0.899682174251372,NA,NA,NA,NA,0.2259,327,3
NA,NA,338,0.463220776933619,0.951556963920355,0.899890531419416,NA,NA,NA,NA,0.2259,327,3
NA,NA,339,0.506475589689303,0.952190728080244,0.900179975966864,NA,NA,NA,NA,0.2259,327,3
NA,NA,34,1.01439823735358,0.877773341983133,0.755166499121962,NA,NA,NA,NA,0.2259,327,3
NA,NA,340,0.438239147618908,0.952485153949798,0.9005606574927,NA,NA,NA,NA,0.2259,327,3
NA,NA,341,0.481741297755408,0.952230650232047,0.897454691749531,NA,NA,NA,NA,0.2259,327,3
NA,NA,342,0.349823649383584,0.95265981336394,0.896967641560929,NA,NA,NA,NA,0.2259,327,3
NA,NA,343,0.518036674601753,0.95280453116423,0.897785241665589,NA,NA,NA,NA,0.2259,327,3
NA,NA,344,0.535744901586219,0.952774589550377,0.898045785500728,NA,NA,NA,NA,0.2259,327,3
NA,NA,345,0.422021342449801,0.953573032586456,0.899818668549797,NA,NA,NA,NA,0.2259,327,3
NA,NA,346,0.540608577366234,0.953283596985878,0.900156494129275,NA,NA,NA,NA,0.2259,327,3
NA,NA,347,0.49165987650466,0.953388392634363,0.90031407307664,NA,NA,NA,NA,0.2259,327,3
NA,NA,348,0.615444167539312,0.95341334397924,0.900781200872905,NA,NA,NA,NA,0.2259,327,3
NA,NA,349,0.497009236320625,0.953373421827436,0.900778148753772,NA,NA,NA,NA,0.2259,327,3
NA,NA,35,1.07179624932485,0.877563750686162,0.753421415743091,NA,NA,NA,NA,0.2259,327,3
NA,NA,350,0.538680205079725,0.954735765257747,0.903369881336486,NA,NA,NA,NA,0.2259,327,3
NA,NA,351,0.47203063212803,0.954680872299017,0.904300975988324,NA,NA,NA,NA,0.2259,327,3
NA,NA,352,0.521615221533257,0.954740755526723,0.904281244466674,NA,NA,NA,NA,0.2259,327,3
NA,NA,353,0.41723531814938,0.954940366285743,0.904013668263994,NA,NA,NA,NA,0.2259,327,3
NA,NA,354,0.448909782146426,0.954181845401467,0.903541022677811,NA,NA,NA,NA,0.2259,327,3
NA,NA,355,0.548035102106272,0.954316582663806,0.904095583752558,NA,NA,NA,NA,0.2259,327,3
NA,NA,356,0.403763241037226,0.954995259244473,0.905788900806727,NA,NA,NA,NA,0.2259,327,3
NA,NA,357,0.550778281573075,0.95520984081042,0.906145516483186,NA,NA,NA,NA,0.2259,327,3
NA,NA,358,0.419196768727737,0.953523129896701,0.901716694277274,NA,NA,NA,NA,0.2259,327,3
NA,NA,359,0.550083489435674,0.953473227206946,0.902054245009456,NA,NA,NA,NA,0.2259,327,3
NA,NA,36,0.847291269995498,0.878229951594391,0.754240204822964,NA,NA,NA,NA,0.2259,327,3
NA,NA,360,0.516952969771663,0.953782623883427,0.902175176005329,NA,NA,NA,NA,0.2259,327,3
NA,NA,361,0.530888956816613,0.955085084086032,0.902388925534084,NA,NA,NA,NA,0.2259,327,3
NA,NA,362,0.58359659074348,0.955673935825141,0.904009602947714,NA,NA,NA,NA,0.2259,327,3
NA,NA,363,0.499100286929664,0.956222865412446,0.905221103015814,NA,NA,NA,NA,0.2259,327,3
NA,NA,364,0.467008898400845,0.956487349668147,0.906021664341896,NA,NA,NA,NA,0.2259,327,3
NA,NA,365,0.458444746862338,0.956856629572334,0.906739006963912,NA,NA,NA,NA,0.2259,327,3
NA,NA,366,0.495295395472709,0.956841658765407,0.906782593716297,NA,NA,NA,NA,0.2259,327,3
NA,NA,367,0.573864999260318,0.956891561455162,0.906980027068701,NA,NA,NA,NA,0.2259,327,3
NA,NA,368,0.394811755826972,0.956202904336544,0.905255722796964,NA,NA,NA,NA,0.2259,327,3
NA,NA,369,0.565926003821842,0.9563950296921,0.90573577437466,NA,NA,NA,NA,0.2259,327,3
NA,NA,37,1.04023872303698,0.878130146214881,0.753165726165778,NA,NA,NA,NA,0.2259,327,3
NA,NA,370,0.498424387669178,0.956504815609561,0.904919187797833,NA,NA,NA,NA,0.2259,327,3
NA,NA,371,0.381000738748503,0.956459903188782,0.905486153990402,NA,NA,NA,NA,0.2259,327,3
NA,NA,372,0.442043279565997,0.95679425121014,0.906059545559801,NA,NA,NA,NA,0.2259,327,3
NA,NA,373,0.455363053404679,0.957482908328759,0.907450156057597,NA,NA,NA,NA,0.2259,327,3
NA,NA,374,0.508515577989554,0.957961974150407,0.908912921299072,NA,NA,NA,NA,0.2259,327,3
NA,NA,375,0.43334874452838,0.958485952392834,0.909938710871968,NA,NA,NA,NA,0.2259,327,3
NA,NA,376,0.455038800606044,0.958820300414192,0.910699092098481,NA,NA,NA,NA,0.2259,327,3
NA,NA,377,0.370024503353834,0.958875193372923,0.911011356122601,NA,NA,NA,NA,0.2259,327,3
NA,NA,378,0.53301369349882,0.959064823593992,0.911262763850281,NA,NA,NA,NA,0.2259,327,3
NA,NA,379,0.46163943613789,0.958740456110584,0.910746292827435,NA,NA,NA,NA,0.2259,327,3
NA,NA,38,0.855457149952768,0.881139278407106,0.757751181542156,NA,NA,NA,NA,0.2259,327,3
NA,NA,380,0.632203541351739,0.958570786965417,0.910492020632982,NA,NA,NA,NA,0.2259,327,3
NA,NA,381,0.486936106804882,0.958695543689805,0.911292525999778,NA,NA,NA,NA,0.2259,327,3
NA,NA,382,0.494046633272131,0.958386147013324,0.909888240507639,NA,NA,NA,NA,0.2259,327,3
NA,NA,383,0.501471483503773,0.958416088627177,0.909395874829249,NA,NA,NA,NA,0.2259,327,3
NA,NA,384,0.441456783620788,0.957966964419382,0.90807788842309,NA,NA,NA,NA,0.2259,327,3
NA,NA,385,0.512618938288033,0.957976944957333,0.907414116806708,NA,NA,NA,NA,0.2259,327,3
NA,NA,386,0.528909485208278,0.957358151604371,0.906025527389618,NA,NA,NA,NA,0.2259,327,3
NA,NA,387,0.494839800004418,0.957183492190229,0.905835651188219,NA,NA,NA,NA,0.2259,327,3
NA,NA,388,0.474149734643642,0.957008832776087,0.905070122612229,NA,NA,NA,NA,0.2259,327,3
NA,NA,389,0.47409295505857,0.957108638155597,0.904808691178271,NA,NA,NA,NA,0.2259,327,3
NA,NA,39,1.03108281852972,0.882544039123709,0.756699134731902,NA,NA,NA,NA,0.2259,327,3
NA,NA,390,0.421715546246894,0.957373122411298,0.905498583804473,NA,NA,NA,NA,0.2259,327,3
NA,NA,391,0.505137215735131,0.958116672488647,0.906790732994449,NA,NA,NA,NA,0.2259,327,3
NA,NA,392,0.463791394747627,0.958161584909427,0.906826472763463,NA,NA,NA,NA,0.2259,327,3
NA,NA,393,0.488438261560319,0.958750436648535,0.907970362346027,NA,NA,NA,NA,0.2259,327,3
NA,NA,394,0.471873723191675,0.959024901442188,0.908792205408079,NA,NA,NA,NA,0.2259,327,3
NA,NA,395,0.485902673468568,0.958665602075952,0.907360784352056,NA,NA,NA,NA,0.2259,327,3
NA,NA,396,0.51284315928764,0.958266380557912,0.906434613952993,NA,NA,NA,NA,0.2259,327,3
NA,NA,397,0.467555310376385,0.958640650731074,0.908109519434767,NA,NA,NA,NA,0.2259,327,3
NA,NA,398,0.452509140909061,0.959134687359649,0.909087080828502,NA,NA,NA,NA,0.2259,327,3
NA,NA,399,0.364933479301264,0.959319327311742,0.909808107888015,NA,NA,NA,NA,0.2259,327,3
NA,NA,4,1.34937838180524,0.809361744598034,0.62489125501606,NA,NA,NA,NA,0.2259,327,3
NA,NA,40,0.910237078553377,0.882089924646938,0.758359885965376,NA,NA,NA,NA,0.2259,327,3
NA,NA,400,0.451675669659806,0.959429113229203,0.90982284152604,NA,NA,NA,NA,0.2259,327,3
NA,NA,401,0.514355356588403,0.960017964968312,0.913775641461167,NA,NA,NA,NA,0.2259,327,3
NA,NA,402,0.416294207302889,0.959908179050851,0.914627971556468,NA,NA,NA,NA,0.2259,327,3
NA,NA,403,0.515102102254958,0.960367283796597,0.914494532264134,NA,NA,NA,NA,0.2259,327,3
NA,NA,404,0.430592692040742,0.960836369080293,0.914718292772622,NA,NA,NA,NA,0.2259,327,3
NA,NA,405,0.488405053936166,0.96055192374869,0.913973989381233,NA,NA,NA,NA,0.2259,327,3
NA,NA,406,0.452139489252935,0.959434103498179,0.911861849088414,NA,NA,NA,NA,0.2259,327,3
NA,NA,407,0.39645724864801,0.959009930635261,0.91208629180312,NA,NA,NA,NA,0.2259,327,3
NA,NA,408,0.500452346337009,0.959169619242477,0.91212677322338,NA,NA,NA,NA,0.2259,327,3
NA,NA,409,0.486534635458958,0.958984979290384,0.910856307949016,NA,NA,NA,NA,0.2259,327,3
NA,NA,41,1.01830557790593,0.885049154149409,0.762894422703388,NA,NA,NA,NA,0.2259,327,3
NA,NA,410,0.453318103668256,0.95959878237437,0.911521886555404,NA,NA,NA,NA,0.2259,327,3
NA,NA,411,0.366119028954406,0.959204551125306,0.909971091284624,NA,NA,NA,NA,0.2259,327,3
NA,NA,412,0.49195873447137,0.958730475572633,0.907742128242868,NA,NA,NA,NA,0.2259,327,3
NA,NA,413,0.435182853404997,0.958535855082589,0.906963157305353,NA,NA,NA,NA,0.2259,327,3
NA,NA,414,0.509888672368849,0.958890164179849,0.907479083191721,NA,NA,NA,NA,0.2259,327,3
NA,NA,415,0.353486621212272,0.958451020510006,0.907298335296911,NA,NA,NA,NA,0.2259,327,3
NA,NA,416,0.505493269734991,0.958251409750986,0.906760847899346,NA,NA,NA,NA,0.2259,327,3
NA,NA,417,0.512416952973173,0.957832227157044,0.905449820451441,NA,NA,NA,NA,0.2259,327,3
NA,NA,418,0.47533215540664,0.958196516792255,0.906118003430459,NA,NA,NA,NA,0.2259,327,3
NA,NA,419,0.489488362413337,0.957797295274215,0.905287955114727,NA,NA,NA,NA,0.2259,327,3
NA,NA,42,0.980834533028659,0.885024202804531,0.761842988284618,NA,NA,NA,NA,0.2259,327,3
NA,NA,420,0.471112690166115,0.95824641948201,0.90556227465701,NA,NA,NA,NA,0.2259,327,3
NA,NA,421,0.494539764368652,0.959074804131943,0.907721570311363,NA,NA,NA,NA,0.2259,327,3
NA,NA,422,0.35115155062996,0.958830280952143,0.906655611010819,NA,NA,NA,NA,0.2259,327,3
NA,NA,423,0.421624967887748,0.959623733719247,0.90876634759869,NA,NA,NA,NA,0.2259,327,3
NA,NA,424,0.379951315114525,0.9598981985129,0.909427053953733,NA,NA,NA,NA,0.2259,327,3
NA,NA,425,0.49780256169748,0.959893208243924,0.908838755448441,NA,NA,NA,NA,0.2259,327,3
NA,NA,426,0.345584898738954,0.961030989570338,0.909870086007366,NA,NA,NA,NA,0.2259,327,3
NA,NA,427,0.46957286179404,0.961420230550427,0.910116777036978,NA,NA,NA,NA,0.2259,327,3
NA,NA,428,0.486364303265,0.961520035929937,0.910678086569257,NA,NA,NA,NA,0.2259,327,3
NA,NA,429,0.424278741714433,0.961465142971206,0.910674832068104,NA,NA,NA,NA,0.2259,327,3
NA,NA,43,0.82724599527147,0.884849543390389,0.759805711774267,NA,NA,NA,NA,0.2259,327,3
NA,NA,430,0.297322169842708,0.961455162433255,0.911506476425854,NA,NA,NA,NA,0.2259,327,3
NA,NA,431,0.405208131013804,0.960801437197465,0.9104450002993,NA,NA,NA,NA,0.2259,327,3
NA,NA,432,0.434789202523253,0.960836369080293,0.910141217999009,NA,NA,NA,NA,0.2259,327,3
NA,NA,433,0.383941252054922,0.96095114526673,0.910426381967361,NA,NA,NA,NA,0.2259,327,3
NA,NA,434,0.406802591477775,0.960936174459803,0.910114623490926,NA,NA,NA,NA,0.2259,327,3
NA,NA,435,0.393793124404831,0.961330405708868,0.910285970493443,NA,NA,NA,NA,0.2259,327,3
NA,NA,436,0.385383235242155,0.961445181895304,0.911426893826626,NA,NA,NA,NA,0.2259,327,3
NA,NA,437,0.376663793182132,0.961335395977843,0.910610799893733,NA,NA,NA,NA,0.2259,327,3
NA,NA,438,0.443111278073437,0.961629821847398,0.91148440238335,NA,NA,NA,NA,0.2259,327,3
NA,NA,439,0.462395099577932,0.961510055391986,0.911387139116668,NA,NA,NA,NA,0.2259,327,3
NA,NA,44,1.04914074197669,0.886850641249563,0.76276945324732,NA,NA,NA,NA,0.2259,327,3
NA,NA,440,0.363081442898705,0.961834422875393,0.911429387705393,NA,NA,NA,NA,0.2259,327,3
NA,NA,441,0.47701206110388,0.961884325565148,0.91131633665573,NA,NA,NA,NA,0.2259,327,3
NA,NA,442,0.472560592131182,0.961799490992564,0.910932105230334,NA,NA,NA,NA,0.2259,327,3
NA,NA,443,0.512999556694226,0.961964169868756,0.911414663373512,NA,NA,NA,NA,0.2259,327,3
NA,NA,444,0.465722326035523,0.961879335296172,0.911358470731118,NA,NA,NA,NA,0.2259,327,3
NA,NA,445,0.396716617941627,0.962193722241629,0.912807500781945,NA,NA,NA,NA,0.2259,327,3
NA,NA,446,0.367444062013404,0.962288537352163,0.912641964375324,NA,NA,NA,NA,0.2259,327,3
NA,NA,447,0.513880525293955,0.962293527621139,0.912660855037996,NA,NA,NA,NA,0.2259,327,3
NA,NA,448,0.375840672155524,0.961510055391986,0.911960619451515,NA,NA,NA,NA,0.2259,327,3
NA,NA,449,0.401934556154317,0.962513099456061,0.913731660593278,NA,NA,NA,NA,0.2259,327,3
NA,NA,45,0.977874027282532,0.888896651529517,0.77077758177238,NA,NA,NA,NA,0.2259,327,3
NA,NA,450,0.435151214479083,0.96205898497929,0.914001828670584,NA,NA,NA,NA,0.2259,327,3
NA,NA,451,0.380357228747756,0.962273566545237,0.914720579176418,NA,NA,NA,NA,0.2259,327,3
NA,NA,452,0.400125330200257,0.962468187035281,0.914407661644665,NA,NA,NA,NA,0.2259,327,3
NA,NA,453,0.430651019205885,0.962742651828934,0.914668869968809,NA,NA,NA,NA,0.2259,327,3
NA,NA,454,0.283083826347335,0.962772593442787,0.914644727633637,NA,NA,NA,NA,0.2259,327,3
NA,NA,455,0.428434979402917,0.962592943759669,0.914167880656343,NA,NA,NA,NA,0.2259,327,3
NA,NA,456,0.488417757230872,0.961994111482609,0.913660493364008,NA,NA,NA,NA,0.2259,327,3
NA,NA,457,0.333492876990601,0.962238634662408,0.914700672166532,NA,NA,NA,NA,0.2259,327,3
NA,NA,458,0.445515403731632,0.962443235690404,0.914856619492083,NA,NA,NA,NA,0.2259,327,3
NA,NA,459,0.41516825263797,0.963615948899646,0.917400754973946,NA,NA,NA,NA,0.2259,327,3
NA,NA,46,0.995423741448984,0.889121213633415,0.774011965560155,NA,NA,NA,NA,0.2259,327,3
NA,NA,460,0.346313325630487,0.963930335845102,0.917836788589187,NA,NA,NA,NA,0.2259,327,3
NA,NA,461,0.433514427930032,0.96381056938969,0.916856405217057,NA,NA,NA,NA,0.2259,327,3
NA,NA,462,0.448278499339605,0.964229751983632,0.917476085884671,NA,NA,NA,NA,0.2259,327,3
NA,NA,463,0.401311618039714,0.964554119467039,0.918505254216228,NA,NA,NA,NA,0.2259,327,3
NA,NA,464,0.423142044313144,0.964858525874545,0.919201176312711,NA,NA,NA,NA,0.2259,327,3
NA,NA,465,0.430681019567865,0.965347572234143,0.920281450500839,NA,NA,NA,NA,0.2259,327,3
NA,NA,466,0.505748861477042,0.965337591696192,0.920473060753028,NA,NA,NA,NA,0.2259,327,3
NA,NA,467,0.334413649364489,0.965337591696192,0.920645181971472,NA,NA,NA,NA,0.2259,327,3
NA,NA,468,0.431154942711159,0.964579070811917,0.919557352155047,NA,NA,NA,NA,0.2259,327,3
NA,NA,469,0.40921836356345,0.96576176455911,0.920979532413732,NA,NA,NA,NA,0.2259,327,3
NA,NA,47,0.949055852176637,0.88977992913818,0.773668547583396,NA,NA,NA,NA,0.2259,327,3
NA,NA,470,0.412764261416565,0.965427416537751,0.920629874489701,NA,NA,NA,NA,0.2259,327,3
NA,NA,471,0.347322824000119,0.965951394780179,0.921409006439683,NA,NA,NA,NA,0.2259,327,3
NA,NA,472,0.400428685088348,0.966106093118419,0.921991688857816,NA,NA,NA,NA,0.2259,327,3
NA,NA,473,0.315423334460798,0.966151005539199,0.922338502104211,NA,NA,NA,NA,0.2259,327,3
NA,NA,474,0.322888406714597,0.967056739358251,0.923093636012373,NA,NA,NA,NA,0.2259,327,3
NA,NA,475,0.481396605640684,0.967570737062728,0.923522720294922,NA,NA,NA,NA,0.2259,327,3
NA,NA,476,0.456071229725466,0.967475921952193,0.923447834847435,NA,NA,NA,NA,0.2259,327,3
NA,NA,477,0.397351052426638,0.967326213882928,0.922815014848181,NA,NA,NA,NA,0.2259,327,3
NA,NA,478,0.458643105989835,0.967785318628674,0.923233430630904,NA,NA,NA,NA,0.2259,327,3
NA,NA,479,0.415392438658454,0.967820250511503,0.922635647653063,NA,NA,NA,NA,0.2259,327,3
NA,NA,48,0.91183825253607,0.888991466640052,0.774065240927751,NA,NA,NA,NA,0.2259,327,3
NA,NA,480,0.348050382589865,0.967156544737761,0.920662833125094,NA,NA,NA,NA,0.2259,327,3
NA,NA,481,0.465040370110218,0.96714656419981,0.920664236871557,NA,NA,NA,NA,0.2259,327,3
NA,NA,482,0.417055719730085,0.967530814910924,0.921860663626689,NA,NA,NA,NA,0.2259,327,3
NA,NA,483,0.399575252872903,0.967895104546135,0.922443149935729,NA,NA,NA,NA,0.2259,327,3
NA,NA,484,0.455054125822297,0.968219472029542,0.922886068131672,NA,NA,NA,NA,0.2259,327,3
NA,NA,485,0.384138609079079,0.968334248215979,0.923156305687628,NA,NA,NA,NA,0.2259,327,3
NA,NA,486,0.359946877575426,0.968224462298518,0.923087164459767,NA,NA,NA,NA,0.2259,327,3
NA,NA,487,0.535814037536265,0.968693547582215,0.923798613953942,NA,NA,NA,NA,0.2259,327,3
NA,NA,488,0.425520837503797,0.968738460002994,0.923917187598051,NA,NA,NA,NA,0.2259,327,3
NA,NA,489,0.351291996169086,0.968573781126803,0.923314714908474,NA,NA,NA,NA,0.2259,327,3
NA,NA,49,1.01733963531754,0.890361295473826,0.778187156800023,NA,NA,NA,NA,0.2259,327,3
NA,NA,490,0.379477013278021,0.968518888168072,0.922726766566283,NA,NA,NA,NA,0.2259,327,3
NA,NA,491,0.428312921383015,0.968688557313239,0.923937613929955,NA,NA,NA,NA,0.2259,327,3
NA,NA,492,0.389543486959837,0.968613703278607,0.924468384982317,NA,NA,NA,NA,0.2259,327,3
NA,NA,493,0.425625889665886,0.968913119417137,0.925214143323028,NA,NA,NA,NA,0.2259,327,3
NA,NA,494,0.35012183575639,0.96915265232796,0.925763175755556,NA,NA,NA,NA,0.2259,327,3
NA,NA,495,0.484140894650663,0.969207545286691,0.925683834194757,NA,NA,NA,NA,0.2259,327,3
NA,NA,496,0.411446829915397,0.969561854383951,0.926732568753802,NA,NA,NA,NA,0.2259,327,3
NA,NA,497,0.348364169513437,0.970000998053795,0.927742008104644,NA,NA,NA,NA,0.2259,327,3
NA,NA,498,0.368169027240752,0.970390239033884,0.928356594583462,NA,NA,NA,NA,0.2259,327,3
NA,NA,499,0.44061216244769,0.970395229302859,0.927996652341357,NA,NA,NA,NA,0.2259,327,3
NA,NA,5,1.19263576636851,0.808011876840162,0.626271636315137,NA,NA,NA,NA,0.2259,327,3
NA,NA,50,0.987307811584103,0.890396227356654,0.778698567198956,NA,NA,NA,NA,0.2259,327,3
NA,NA,500,0.42486799053753,0.970500024951345,0.92791374767403,NA,NA,NA,NA,0.2259,327,3
NA,NA,501,0.450099314522244,0.970220569888717,0.927168132571688,NA,NA,NA,NA,0.2259,327,3
NA,NA,502,0.390877928780283,0.970554917910075,0.927282119596023,NA,NA,NA,NA,0.2259,327,3
NA,NA,503,0.319783613020973,0.970564898448026,0.927195831831623,NA,NA,NA,NA,0.2259,327,3
NA,NA,504,0.376662876501736,0.969881231598383,0.926057479757281,NA,NA,NA,NA,0.2259,327,3
NA,NA,505,0.338746274985406,0.969856280253506,0.925630406490609,NA,NA,NA,NA,0.2259,327,3
NA,NA,506,0.419543983787624,0.970255501771546,0.925831421526928,NA,NA,NA,NA,0.2259,327,3
NA,NA,507,0.371049716594746,0.96965167922551,0.924929953652203,NA,NA,NA,NA,0.2259,327,3
NA,NA,508,0.325018518644235,0.969826338639653,0.925245550331247,NA,NA,NA,NA,0.2259,327,3
NA,NA,509,0.312025021573948,0.970040920205599,0.925974408874813,NA,NA,NA,NA,0.2259,327,3
NA,NA,51,0.9026296894896,0.891149757971955,0.778413608678543,NA,NA,NA,NA,0.2259,327,3
NA,NA,510,0.455027651617966,0.970225560157692,0.926216118545737,NA,NA,NA,NA,0.2259,327,3
NA,NA,511,0.373614937792056,0.970769499476022,0.92677991194415,NA,NA,NA,NA,0.2259,327,3
NA,NA,512,0.347715983961718,0.97060482059983,0.926655751996744,NA,NA,NA,NA,0.2259,327,3
NA,NA,513,0.371815385897694,0.970669694096512,0.926895076351137,NA,NA,NA,NA,0.2259,327,3
NA,NA,514,0.381004566906281,0.970624781675732,0.926907411768663,NA,NA,NA,NA,0.2259,327,3
NA,NA,515,0.40972280543685,0.97074953840012,0.927369242298953,NA,NA,NA,NA,0.2259,327,3
NA,NA,516,0.40273389303765,0.970060881281501,0.926831937358323,NA,NA,NA,NA,0.2259,327,3
NA,NA,517,0.343771628154961,0.970005988322771,0.927047796699731,NA,NA,NA,NA,0.2259,327,3
NA,NA,518,0.452824158130911,0.970365287689006,0.927385913531713,NA,NA,NA,NA,0.2259,327,3
NA,NA,519,0.40761478129166,0.969681620839363,0.925800050378437,NA,NA,NA,NA,0.2259,327,3
NA,NA,52,0.942243798443376,0.890221567942512,0.776188582302652,NA,NA,NA,NA,0.2259,327,3
NA,NA,520,0.324598726382736,0.969711562453216,0.925351997340865,NA,NA,NA,NA,0.2259,327,3
NA,NA,521,0.392269204558194,0.969871251060432,0.926059351545718,NA,NA,NA,NA,0.2259,327,3
NA,NA,522,0.416887662822295,0.970130745047158,0.926706414135187,NA,NA,NA,NA,0.2259,327,3
NA,NA,523,0.311961512346955,0.970015968860722,0.926894143755281,NA,NA,NA,NA,0.2259,327,3
NA,NA,524,0.300643738002818,0.969861270522481,0.926045917127101,NA,NA,NA,NA,0.2259,327,3
NA,NA,525,0.383976313877337,0.970120764509207,0.926129222043954,NA,NA,NA,NA,0.2259,327,3
NA,NA,526,0.437953062598347,0.9705499276411,0.92755603848708,NA,NA,NA,NA,0.2259,327,3
NA,NA,527,0.36687308439106,0.970614801137781,0.927937197996297,NA,NA,NA,NA,0.2259,327,3
NA,NA,528,0.45215918912507,0.971168720994062,0.928708659394046,NA,NA,NA,NA,0.2259,327,3
NA,NA,529,0.370793521949986,0.971258545835621,0.928868248465349,NA,NA,NA,NA,0.2259,327,3
NA,NA,53,0.7025353364109,0.891351863865462,0.78048233533084,NA,NA,NA,NA,0.2259,327,3
NA,NA,530,0.327262890673228,0.971313438794351,0.929450169114699,NA,NA,NA,NA,0.2259,327,3
NA,NA,531,0.296980014881016,0.971188682069964,0.928893808805301,NA,NA,NA,NA,0.2259,327,3
NA,NA,532,0.344772324259052,0.971193672338939,0.928916874594219,NA,NA,NA,NA,0.2259,327,3
NA,NA,533,0.360289714059582,0.970659713558561,0.927594538039678,NA,NA,NA,NA,0.2259,327,3
NA,NA,534,0.42701135867173,0.971118818304307,0.928821947470097,NA,NA,NA,NA,0.2259,327,3
NA,NA,535,0.460961716565685,0.971053944807625,0.928753496519671,NA,NA,NA,NA,0.2259,327,3
NA,NA,536,0.32975457916958,0.971538000898248,0.930238455192308,NA,NA,NA,NA,0.2259,327,3
NA,NA,537,0.392049372110303,0.971523030091322,0.930138050418857,NA,NA,NA,NA,0.2259,327,3
NA,NA,538,0.36102036277686,0.971478117670542,0.930011516127783,NA,NA,NA,NA,0.2259,327,3
NA,NA,539,0.394187780230012,0.971213633414841,0.929604519196132,NA,NA,NA,NA,0.2259,327,3
NA,NA,54,0.930869397584621,0.892754129447577,0.783547588260752,NA,NA,NA,NA,0.2259,327,3
NA,NA,540,0.327029900431338,0.970909227007336,0.92898531298349,NA,NA,NA,NA,0.2259,327,3
NA,NA,541,0.327917078668822,0.970440141723639,0.927701717934227,NA,NA,NA,NA,0.2259,327,3
NA,NA,542,0.287892847417836,0.970614801137781,0.927936002916324,NA,NA,NA,NA,0.2259,327,3
NA,NA,543,0.397722653120662,0.971093866959429,0.928486677573894,NA,NA,NA,NA,0.2259,327,3
NA,NA,544,0.318622343250547,0.970969110235042,0.928141285497072,NA,NA,NA,NA,0.2259,327,3
NA,NA,545,0.269091641419292,0.971024003193772,0.928263601863094,NA,NA,NA,NA,0.2259,327,3
NA,NA,546,0.374733843756171,0.971098857228405,0.928587907868084,NA,NA,NA,NA,0.2259,327,3
NA,NA,547,0.344003034908015,0.971143769649184,0.928816537603946,NA,NA,NA,NA,0.2259,327,3
NA,NA,548,0.318784230358976,0.970964119966066,0.928350793039556,NA,NA,NA,NA,0.2259,327,3
NA,NA,549,0.33551789831614,0.971413244173861,0.929742239708061,NA,NA,NA,NA,0.2259,327,3
NA,NA,55,0.990539495448739,0.894360996057687,0.786532257423454,NA,NA,NA,NA,0.2259,327,3
NA,NA,550,0.336641019707762,0.971513049553371,0.929619997521569,NA,NA,NA,NA,0.2259,327,3
NA,NA,551,0.355492917682046,0.970924197814262,0.928259342005878,NA,NA,NA,NA,0.2259,327,3
NA,NA,552,0.347987711363129,0.971093866959429,0.928608906723693,NA,NA,NA,NA,0.2259,327,3
NA,NA,553,0.330265066078115,0.971418234442836,0.929546772932334,NA,NA,NA,NA,0.2259,327,3
NA,NA,554,0.345899388940856,0.971837417036778,0.930729097720839,NA,NA,NA,NA,0.2259,327,3
NA,NA,555,0.361859565228696,0.972346424472279,0.931491042693328,NA,NA,NA,NA,0.2259,327,3
NA,NA,556,0.367203609723377,0.97261090872798,0.931922502905472,NA,NA,NA,NA,0.2259,327,3
NA,NA,557,0.424864815120796,0.972745645990319,0.932307062336907,NA,NA,NA,NA,0.2259,327,3
NA,NA,558,0.418036310910801,0.973319526922501,0.932960738306468,NA,NA,NA,NA,0.2259,327,3
NA,NA,559,0.370558135275589,0.97320974100504,0.932803232760694,NA,NA,NA,NA,0.2259,327,3
NA,NA,56,0.953704325498189,0.895099555866061,0.788148383196374,NA,NA,NA,NA,0.2259,327,3
NA,NA,560,0.40523341043403,0.973119916163481,0.932886590340032,NA,NA,NA,NA,0.2259,327,3
NA,NA,561,0.379644301102955,0.972905334597535,0.932281180180113,NA,NA,NA,NA,0.2259,327,3
NA,NA,562,0.376918097696565,0.972730675183392,0.932399827416623,NA,NA,NA,NA,0.2259,327,3
NA,NA,563,0.339253570412312,0.972810519487,0.932478030018314,NA,NA,NA,NA,0.2259,327,3
NA,NA,564,0.353806008993368,0.972940266480363,0.932528542705743,NA,NA,NA,NA,0.2259,327,3
NA,NA,565,0.382479961167588,0.972960227556265,0.932901566178188,NA,NA,NA,NA,0.2259,327,3
NA,NA,566,0.316292572574924,0.97310993562553,0.933895700650539,NA,NA,NA,NA,0.2259,327,3
NA,NA,567,0.348586220557996,0.973344478267379,0.934512966099141,NA,NA,NA,NA,0.2259,327,3
NA,NA,568,0.328876341291633,0.973539098757423,0.934883406072698,NA,NA,NA,NA,0.2259,327,3
NA,NA,569,0.317497974530807,0.973643894405908,0.934994738197548,NA,NA,NA,NA,0.2259,327,3
NA,NA,57,0.786298150740198,0.898932082439243,0.796390561148165,NA,NA,NA,NA,0.2259,327,3
NA,NA,570,0.309252987732617,0.973848495433904,0.935651818880975,NA,NA,NA,NA,0.2259,327,3
NA,NA,571,0.352345266205116,0.973818553820051,0.93552098818959,NA,NA,NA,NA,0.2259,327,3
NA,NA,572,0.38962571657809,0.973918359199561,0.935363870567297,NA,NA,NA,NA,0.2259,327,3
NA,NA,573,0.365987128758514,0.974117969958581,0.935242861426301,NA,NA,NA,NA,0.2259,327,3
NA,NA,574,0.369477112567618,0.973958281351365,0.934747997992528,NA,NA,NA,NA,0.2259,327,3
NA,NA,575,0.400424271575753,0.973334497729428,0.933688613023137,NA,NA,NA,NA,0.2259,327,3
NA,NA,576,0.356641594587058,0.972780577873147,0.931519330056217,NA,NA,NA,NA,0.2259,327,3
NA,NA,577,0.353218327132562,0.972985178901143,0.93215902354525,NA,NA,NA,NA,0.2259,327,3
NA,NA,578,0.281511065671424,0.973089974549628,0.932485123729528,NA,NA,NA,NA,0.2259,327,3
NA,NA,579,0.353663394132863,0.972785568142123,0.932033846622937,NA,NA,NA,NA,0.2259,327,3
NA,NA,58,0.935782013357648,0.8984929387694,0.793752212511195,NA,NA,NA,NA,0.2259,327,3
NA,NA,580,0.384077551659096,0.972431259044862,0.931086964331273,NA,NA,NA,NA,0.2259,327,3
NA,NA,581,0.394318932998501,0.972406307699985,0.931167780204259,NA,NA,NA,NA,0.2259,327,3
NA,NA,582,0.354732599234801,0.972441239582813,0.930935709680946,NA,NA,NA,NA,0.2259,327,3
NA,NA,583,0.399887110264792,0.972286541244573,0.930440546523152,NA,NA,NA,NA,0.2259,327,3
NA,NA,584,0.344987138608239,0.972176755327112,0.929849928184408,NA,NA,NA,NA,0.2259,327,3
NA,NA,585,0.301725293720662,0.972106891561455,0.92977823414492,NA,NA,NA,NA,0.2259,327,3
NA,NA,586,0.319515959410496,0.972096911023504,0.929461483952995,NA,NA,NA,NA,0.2259,327,3
NA,NA,587,0.298858910446536,0.971932232147313,0.928447818610945,NA,NA,NA,NA,0.2259,327,3
NA,NA,588,0.309366790832153,0.971822446229852,0.928549591259924,NA,NA,NA,NA,0.2259,327,3
NA,NA,589,0.36492942266869,0.971832426767803,0.928489889577911,NA,NA,NA,NA,0.2259,327,3
NA,NA,59,0.878399067860014,0.898612705224812,0.794649828952283,NA,NA,NA,NA,0.2259,327,3
NA,NA,590,0.38043660401387,0.971907280802435,0.9286367586286,NA,NA,NA,NA,0.2259,327,3
NA,NA,591,0.371127923689428,0.972191726134039,0.929149436324571,NA,NA,NA,NA,0.2259,327,3
NA,NA,592,0.34999711458023,0.971997105643994,0.928721056275809,NA,NA,NA,NA,0.2259,327,3
NA,NA,593,0.302330918044854,0.972131842906333,0.929159859752191,NA,NA,NA,NA,0.2259,327,3
NA,NA,594,0.388409144331247,0.971932232147313,0.928762235065359,NA,NA,NA,NA,0.2259,327,3
NA,NA,595,0.417410001462756,0.971812465691901,0.928370855303535,NA,NA,NA,NA,0.2259,327,3
NA,NA,596,0.30942463079741,0.971947202954239,0.928807801524246,NA,NA,NA,NA,0.2259,327,3
NA,NA,597,0.344888569069909,0.971383302560008,0.928378465014139,NA,NA,NA,NA,0.2259,327,3
NA,NA,598,0.273643084543785,0.971737611657268,0.929110377984428,NA,NA,NA,NA,0.2259,327,3
NA,NA,599,0.368938190799921,0.971892309995509,0.929545923559857,NA,NA,NA,NA,0.2259,327,3
NA,NA,6,1.42703798286446,0.813523628923599,0.643312330449785,NA,NA,NA,NA,0.2259,327,3
NA,NA,60,1.08884549102585,0.899111732122361,0.79728497548603,NA,NA,NA,NA,0.2259,327,3
NA,NA,600,0.385779854299772,0.971592893856979,0.928747170260656,NA,NA,NA,NA,0.2259,327,3
NA,NA,601,0.307126268491892,0.971987125106043,0.929696717021561,NA,NA,NA,NA,0.2259,327,3
NA,NA,602,0.293606358831848,0.971727631119317,0.929293847458716,NA,NA,NA,NA,0.2259,327,3
NA,NA,603,0.43711508492947,0.971872348919607,0.929775498425477,NA,NA,NA,NA,0.2259,327,3
NA,NA,604,0.294537762717679,0.971897300264484,0.930115437566178,NA,NA,NA,NA,0.2259,327,3
NA,NA,605,0.365015459034308,0.971727631119317,0.929583617250839,NA,NA,NA,NA,0.2259,327,3
NA,NA,606,0.374921433974957,0.97190229053346,0.930244245733291,NA,NA,NA,NA,0.2259,327,3
NA,NA,607,0.319872748034484,0.972136833175308,0.930861941942079,NA,NA,NA,NA,0.2259,327,3
NA,NA,608,0.363499201986431,0.97245621038974,0.93153512960545,NA,NA,NA,NA,0.2259,327,3
NA,NA,609,0.422787607411574,0.972785568142123,0.932296630663602,NA,NA,NA,NA,0.2259,327,3
NA,NA,61,0.950314969731656,0.900618793352962,0.799004736629333,NA,NA,NA,NA,0.2259,327,3
NA,NA,610,0.396568950948839,0.972975198363192,0.932523010806024,NA,NA,NA,NA,0.2259,327,3
NA,NA,611,0.295475078246386,0.972790558411098,0.931976382536001,NA,NA,NA,NA,0.2259,327,3
NA,NA,612,0.288983564301099,0.973119916163481,0.932261871787933,NA,NA,NA,NA,0.2259,327,3
NA,NA,613,0.328769560366837,0.973174809122212,0.932349235205691,NA,NA,NA,NA,0.2259,327,3
NA,NA,614,0.329808046574394,0.972875392983682,0.93191315486683,NA,NA,NA,NA,0.2259,327,3
NA,NA,615,0.267618257785233,0.972705723838515,0.931219761372449,NA,NA,NA,NA,0.2259,327,3
NA,NA,616,0.343241753696244,0.973239682618893,0.93188179664357,NA,NA,NA,NA,0.2259,327,3
NA,NA,617,0.369393472696536,0.97345426418484,0.932426824173732,NA,NA,NA,NA,0.2259,327,3
NA,NA,618,0.345795579715018,0.973514147412545,0.932621392985227,NA,NA,NA,NA,0.2259,327,3
NA,NA,619,0.307820656272126,0.973589001447178,0.932451124713298,NA,NA,NA,NA,0.2259,327,3
NA,NA,62,0.690473015202491,0.901457158540845,0.798399370066768,NA,NA,NA,NA,0.2259,327,3
NA,NA,620,0.259069242038484,0.973559059833325,0.93220180579542,NA,NA,NA,NA,0.2259,327,3
NA,NA,621,0.300973575051562,0.97376366086132,0.932645648532621,NA,NA,NA,NA,0.2259,327,3
NA,NA,622,0.280813493173029,0.97390837866161,0.932872698236308,NA,NA,NA,NA,0.2259,327,3
NA,NA,623,0.230554624453991,0.974018164579071,0.933055671974731,NA,NA,NA,NA,0.2259,327,3
NA,NA,624,0.269627228119068,0.974048106192924,0.932842881931139,NA,NA,NA,NA,0.2259,327,3
NA,NA,625,0.348043187018924,0.974137931034483,0.933021120756074,NA,NA,NA,NA,0.2259,327,3
NA,NA,626,0.310347698407121,0.974212785069115,0.933672473328125,NA,NA,NA,NA,0.2259,327,3
NA,NA,627,0.345650968498562,0.97420779480014,0.93349610695272,NA,NA,NA,NA,0.2259,327,3
NA,NA,628,0.372973675718165,0.974192823993213,0.93261880167806,NA,NA,NA,NA,0.2259,327,3
NA,NA,629,0.323558280672691,0.974542142821498,0.933418569049309,NA,NA,NA,NA,0.2259,327,3
NA,NA,63,0.926051871234482,0.901142771595389,0.801816778147651,NA,NA,NA,NA,0.2259,327,3
NA,NA,630,0.375766109465816,0.974701831428714,0.933864514012004,NA,NA,NA,NA,0.2259,327,3
NA,NA,631,0.358542055503064,0.975021208643146,0.934440225907483,NA,NA,NA,NA,0.2259,327,3
NA,NA,632,0.400907606844918,0.974906432456709,0.93408991056248,NA,NA,NA,NA,0.2259,327,3
NA,NA,633,0.300854372770153,0.974966315684415,0.934403693984063,NA,NA,NA,NA,0.2259,327,3
NA,NA,634,0.361256259788654,0.974811617346175,0.933938089833278,NA,NA,NA,NA,0.2259,327,3
NA,NA,635,0.32515053704064,0.975041169719048,0.934481796050448,NA,NA,NA,NA,0.2259,327,3
NA,NA,636,0.359978461906656,0.974946354608513,0.934054254730574,NA,NA,NA,NA,0.2259,327,3
NA,NA,637,0.382503967881633,0.974936374070562,0.934245636383976,NA,NA,NA,NA,0.2259,327,3
NA,NA,638,0.326784313860234,0.975126004291631,0.934868661794755,NA,NA,NA,NA,0.2259,327,3
NA,NA,639,0.319014493408086,0.975250761016019,0.935170589476295,NA,NA,NA,NA,0.2259,327,3
NA,NA,64,0.95432924850459,0.901858875193373,0.804378758765151,NA,NA,NA,NA,0.2259,327,3
NA,NA,640,0.296023676066062,0.975175906981386,0.934905938829393,NA,NA,NA,NA,0.2259,327,3
NA,NA,641,0.287170618965682,0.975096062677778,0.934547356901875,NA,NA,NA,NA,0.2259,327,3
NA,NA,642,0.286466492247162,0.974996257298268,0.934576936576655,NA,NA,NA,NA,0.2259,327,3
NA,NA,643,0.360452544482537,0.974906432456709,0.934375251362303,NA,NA,NA,NA,0.2259,327,3
NA,NA,644,0.344470804888659,0.974971305953391,0.934401820955519,NA,NA,NA,NA,0.2259,327,3
NA,NA,645,0.306756809024944,0.975031189181097,0.934318820724583,NA,NA,NA,NA,0.2259,327,3
NA,NA,646,0.251554471220307,0.975091072408803,0.934668479877322,NA,NA,NA,NA,0.2259,327,3
NA,NA,647,0.402434858414065,0.975305653974749,0.935362432848824,NA,NA,NA,NA,0.2259,327,3
NA,NA,648,0.283121537216594,0.975076101601876,0.93460866038975,NA,NA,NA,NA,0.2259,327,3
NA,NA,649,0.351812179778879,0.97511602375368,0.934613841998709,NA,NA,NA,NA,0.2259,327,3
NA,NA,65,0.875873119482758,0.901871350865812,0.806158819738454,NA,NA,NA,NA,0.2259,327,3
NA,NA,650,0.29204488556999,0.974931383801587,0.934166715907869,NA,NA,NA,NA,0.2259,327,3
NA,NA,651,0.351552090005551,0.975086082139827,0.934642940252684,NA,NA,NA,NA,0.2259,327,3
NA,NA,652,0.320335233161117,0.975270722091921,0.935168124866788,NA,NA,NA,NA,0.2259,327,3
NA,NA,653,0.300364676446813,0.975235790209092,0.935003847170358,NA,NA,NA,NA,0.2259,327,3
NA,NA,654,0.258510509207993,0.974936374070562,0.934363982956096,NA,NA,NA,NA,0.2259,327,3
NA,NA,655,0.258147105599683,0.97491641299466,0.934327877801774,NA,NA,NA,NA,0.2259,327,3
NA,NA,656,0.353708042876151,0.974811617346175,0.933717879360205,NA,NA,NA,NA,0.2259,327,3
NA,NA,657,0.369827614622512,0.974831578422077,0.933747990597254,NA,NA,NA,NA,0.2259,327,3
NA,NA,658,0.304802263426929,0.974517191476621,0.933141283481033,NA,NA,NA,NA,0.2259,327,3
NA,NA,659,0.269422817361355,0.975031189181097,0.93416798973837,NA,NA,NA,NA,0.2259,327,3
NA,NA,66,0.779874009743795,0.901339887219921,0.803828784589838,NA,NA,NA,NA,0.2259,327,3
NA,NA,660,0.274711967444284,0.97501621837417,0.934174666868689,NA,NA,NA,NA,0.2259,327,3
NA,NA,661,0.294538486512798,0.975445381506063,0.935373683463726,NA,NA,NA,NA,0.2259,327,3
NA,NA,662,0.294989011828769,0.975155945905484,0.934516524887379,NA,NA,NA,NA,0.2259,327,3
NA,NA,663,0.31216984612555,0.974931383801587,0.934778590733277,NA,NA,NA,NA,0.2259,327,3
NA,NA,664,0.236455534225113,0.97491641299466,0.934863977627679,NA,NA,NA,NA,0.2259,327,3
NA,NA,665,0.366822280201841,0.97506113079495,0.935231098972348,NA,NA,NA,NA,0.2259,327,3
NA,NA,666,0.329904398912248,0.974746743849493,0.934757660794,NA,NA,NA,NA,0.2259,327,3
NA,NA,667,0.378857182645725,0.975121014022656,0.934431227626708,NA,NA,NA,NA,0.2259,327,3
NA,NA,668,0.332594888914656,0.975121014022656,0.934272926172634,NA,NA,NA,NA,0.2259,327,3
NA,NA,669,0.274843903419269,0.974976296222366,0.93402118254653,NA,NA,NA,NA,0.2259,327,3
NA,NA,67,0.807827013740801,0.900895753281102,0.806191384397558,NA,NA,NA,NA,0.2259,327,3
NA,NA,670,0.34048048822962,0.974926393532611,0.933857390310713,NA,NA,NA,NA,0.2259,327,3
NA,NA,671,0.340745397065714,0.974931383801587,0.933909401589179,NA,NA,NA,NA,0.2259,327,3
NA,NA,672,0.382051123935368,0.97511602375368,0.934170413252784,NA,NA,NA,NA,0.2259,327,3
NA,NA,673,0.325316758239357,0.975340585857578,0.934390797014179,NA,NA,NA,NA,0.2259,327,3
NA,NA,674,0.319051771202179,0.975355556664504,0.934695404453202,NA,NA,NA,NA,0.2259,327,3
NA,NA,675,0.234969566860968,0.975430410699137,0.934863384825961,NA,NA,NA,NA,0.2259,327,3
NA,NA,676,0.390270185448876,0.975420430161186,0.934784735833338,NA,NA,NA,NA,0.2259,327,3
NA,NA,677,0.246641012710003,0.975570138230451,0.935161997468559,NA,NA,NA,NA,0.2259,327,3
NA,NA,678,0.290826272706867,0.975595089575328,0.935233292082646,NA,NA,NA,NA,0.2259,327,3
NA,NA,679,0.301111313881647,0.975934427865662,0.935986539273454,NA,NA,NA,NA,0.2259,327,3
NA,NA,68,0.749671913035523,0.900346823693797,0.806627829415853,NA,NA,NA,NA,0.2259,327,3
NA,NA,680,0.327166745574815,0.975939418134637,0.936129658254441,NA,NA,NA,NA,0.2259,327,3
NA,NA,681,0.263675520273474,0.976153999700584,0.93680907721231,NA,NA,NA,NA,0.2259,327,3
NA,NA,682,0.288949995551166,0.976278756424971,0.937124941552993,NA,NA,NA,NA,0.2259,327,3
NA,NA,683,0.310590760846291,0.976084135934927,0.936527654706621,NA,NA,NA,NA,0.2259,327,3
NA,NA,684,0.308422434481594,0.9755601576925,0.935197580006848,NA,NA,NA,NA,0.2259,327,3
NA,NA,685,0.333732246630737,0.975450371775039,0.93492571672553,NA,NA,NA,NA,0.2259,327,3
NA,NA,686,0.362732422395856,0.975445381506063,0.935076795569995,NA,NA,NA,NA,0.2259,327,3
NA,NA,687,0.324750641439517,0.975505264733769,0.935082515453533,NA,NA,NA,NA,0.2259,327,3
NA,NA,688,0.264454587971769,0.975649982534059,0.93561012938009,NA,NA,NA,NA,0.2259,327,3
NA,NA,689,0.306529832744893,0.975595089575328,0.935430560738282,NA,NA,NA,NA,0.2259,327,3
NA,NA,69,0.7671164058189,0.900985578122661,0.807386498406691,NA,NA,NA,NA,0.2259,327,3
NA,NA,690,0.368292350914274,0.975764758720495,0.935919371778427,NA,NA,NA,NA,0.2259,327,3
NA,NA,691,0.274004738546528,0.975984330555417,0.936564928790188,NA,NA,NA,NA,0.2259,327,3
NA,NA,692,0.284138346772789,0.976084135934927,0.936820549955463,NA,NA,NA,NA,0.2259,327,3
NA,NA,693,0.331957338584841,0.976228853735216,0.937151784588033,NA,NA,NA,NA,0.2259,327,3
NA,NA,694,0.398851068946519,0.976233844004192,0.937200214914481,NA,NA,NA,NA,0.2259,327,3
NA,NA,695,0.294768905285271,0.97591446678976,0.936515890047657,NA,NA,NA,NA,0.2259,327,3
NA,NA,696,0.280074521131625,0.976034233245172,0.936805210316594,NA,NA,NA,NA,0.2259,327,3
NA,NA,697,0.263785927092926,0.975954388941564,0.936667984372975,NA,NA,NA,NA,0.2259,327,3
NA,NA,698,0.35709203359708,0.97565996307201,0.936026539449687,NA,NA,NA,NA,0.2259,327,3
NA,NA,699,0.28291352675751,0.975455362044014,0.935340035508679,NA,NA,NA,NA,0.2259,327,3
NA,NA,7,1.44208421226416,0.81985128998453,0.656098022651291,NA,NA,NA,NA,0.2259,327,3
NA,NA,70,0.929354504340294,0.901599381206647,0.811483434766981,NA,NA,NA,NA,0.2259,327,3
NA,NA,700,0.330734003846417,0.975290683167823,0.93449250059738,NA,NA,NA,NA,0.2259,327,3
NA,NA,701,0.278529836127754,0.975071111332901,0.934233587523186,NA,NA,NA,NA,0.2259,327,3
NA,NA,702,0.254563541646196,0.975295673436798,0.934922450040345,NA,NA,NA,NA,0.2259,327,3
NA,NA,703,0.27334122276887,0.975130994560607,0.934578992711987,NA,NA,NA,NA,0.2259,327,3
NA,NA,704,0.288857269358249,0.975275712360896,0.934766274187212,NA,NA,NA,NA,0.2259,327,3
NA,NA,705,0.340570227822787,0.975250761016019,0.934440977252002,NA,NA,NA,NA,0.2259,327,3
NA,NA,706,0.285504255623683,0.975265731822945,0.934410227762605,NA,NA,NA,NA,0.2259,327,3
NA,NA,707,0.290900487752382,0.975420430161186,0.934839539536491,NA,NA,NA,NA,0.2259,327,3
NA,NA,708,0.31077525377898,0.975410449623235,0.934828506379428,NA,NA,NA,NA,0.2259,327,3
NA,NA,709,0.317081142374679,0.975395478816308,0.934753068539606,NA,NA,NA,NA,0.2259,327,3
NA,NA,71,0.859611853097339,0.902462697739408,0.811340902088479,NA,NA,NA,NA,0.2259,327,3
NA,NA,710,0.331584532462855,0.975450371775039,0.934833004955989,NA,NA,NA,NA,0.2259,327,3
NA,NA,711,0.312040654841846,0.975480313388892,0.934811881208305,NA,NA,NA,NA,0.2259,327,3
NA,NA,712,0.27129247111976,0.975300663705774,0.934582118861507,NA,NA,NA,NA,0.2259,327,3
NA,NA,713,0.337458714803889,0.975784719796397,0.935581004870693,NA,NA,NA,NA,0.2259,327,3
NA,NA,714,0.294381290021661,0.976144019162633,0.936252372359495,NA,NA,NA,NA,0.2259,327,3
NA,NA,715,0.334564855290605,0.976258795349069,0.936675458278828,NA,NA,NA,NA,0.2259,327,3
NA,NA,716,0.331855599752394,0.976074155396976,0.936228083354392,NA,NA,NA,NA,0.2259,327,3
NA,NA,717,0.329684625784741,0.975959379210539,0.935963640863358,NA,NA,NA,NA,0.2259,327,3
NA,NA,718,0.303493977938807,0.976263785618045,0.936869545901529,NA,NA,NA,NA,0.2259,327,3
NA,NA,719,0.343434751718666,0.976573182294526,0.937544592901318,NA,NA,NA,NA,0.2259,327,3
NA,NA,72,0.864412951364433,0.902841958181546,0.813460809281553,NA,NA,NA,NA,0.2259,327,3
NA,NA,720,0.262697191224916,0.976373571535506,0.936989022281686,NA,NA,NA,NA,0.2259,327,3
NA,NA,721,0.298218779552137,0.97656819202555,0.937497217149424,NA,NA,NA,NA,0.2259,327,3
NA,NA,722,0.289613744335758,0.976653026598134,0.937673956423165,NA,NA,NA,NA,0.2259,327,3
NA,NA,723,0.279225273061602,0.976588153101452,0.937524847430699,NA,NA,NA,NA,0.2259,327,3
NA,NA,724,0.283603020479822,0.976907530315884,0.938598018934044,NA,NA,NA,NA,0.2259,327,3
NA,NA,725,0.256172795884614,0.976643046060183,0.937945035344323,NA,NA,NA,NA,0.2259,327,3
NA,NA,726,0.336332387362026,0.976378561804481,0.937199269939557,NA,NA,NA,NA,0.2259,327,3
NA,NA,727,0.324752334854678,0.9763136883078,0.936732475277977,NA,NA,NA,NA,0.2259,327,3
NA,NA,728,0.309198737099551,0.97621388292829,0.936493994869052,NA,NA,NA,NA,0.2259,327,3
NA,NA,729,0.243111743871872,0.976398522880383,0.937264643208782,NA,NA,NA,NA,0.2259,327,3
NA,NA,73,1.0033254396942,0.904314087529318,0.817349554455375,NA,NA,NA,NA,0.2259,327,3
NA,NA,730,0.349056453838917,0.976378561804481,0.937218388752254,NA,NA,NA,NA,0.2259,327,3
NA,NA,731,0.303988909283424,0.976323668845751,0.937207368590073,NA,NA,NA,NA,0.2259,327,3
NA,NA,732,0.298846771260741,0.976333649383702,0.937110431646006,NA,NA,NA,NA,0.2259,327,3
NA,NA,733,0.333670351764757,0.976408503418334,0.937222613349316,NA,NA,NA,NA,0.2259,327,3
NA,NA,734,0.242542774105527,0.976403513149359,0.937138764674248,NA,NA,NA,NA,0.2259,327,3
NA,NA,735,0.274619741353007,0.976029242976196,0.93619059687953,NA,NA,NA,NA,0.2259,327,3
NA,NA,736,0.272099956493419,0.975899495982833,0.935999231911702,NA,NA,NA,NA,0.2259,327,3
NA,NA,737,0.290474918494614,0.975864564100005,0.935897604511377,NA,NA,NA,NA,0.2259,327,3
NA,NA,738,0.31149966262174,0.976029242976196,0.936362749304746,NA,NA,NA,NA,0.2259,327,3
NA,NA,739,0.280771753894997,0.976084135934927,0.936617024008455,NA,NA,NA,NA,0.2259,327,3
NA,NA,74,0.865753614238341,0.903465741803483,0.818479174302258,NA,NA,NA,NA,0.2259,327,3
NA,NA,740,0.242963025732773,0.976238834273167,0.936999802952396,NA,NA,NA,NA,0.2259,327,3
NA,NA,741,0.293987571436728,0.976353610459604,0.937102890943097,NA,NA,NA,NA,0.2259,327,3
NA,NA,742,0.343943314679357,0.976338639652677,0.937049112424952,NA,NA,NA,NA,0.2259,327,3
NA,NA,743,0.264366630202139,0.976343629921653,0.936935100801531,NA,NA,NA,NA,0.2259,327,3
NA,NA,744,0.216053885032116,0.976343629921653,0.937122056645841,NA,NA,NA,NA,0.2259,327,3
NA,NA,745,0.346941024209496,0.976398522880383,0.937320426191483,NA,NA,NA,NA,0.2259,327,3
NA,NA,746,0.300581544727715,0.976438445032187,0.937640432923484,NA,NA,NA,NA,0.2259,327,3
NA,NA,747,0.350978612507491,0.97621388292829,0.937050900899596,NA,NA,NA,NA,0.2259,327,3
NA,NA,748,0.324662195498837,0.97616897050751,0.936805499882129,NA,NA,NA,NA,0.2259,327,3
NA,NA,749,0.291910784832099,0.976134038624682,0.93739640314582,NA,NA,NA,NA,0.2259,327,3
NA,NA,75,0.826132507341142,0.902809521433205,0.816176863453788,NA,NA,NA,NA,0.2259,327,3
NA,NA,750,0.287384143924496,0.975874544637956,0.936455771971686,NA,NA,NA,NA,0.2259,327,3
NA,NA,751,0.269693410000682,0.975590099306353,0.935818103434617,NA,NA,NA,NA,0.2259,327,3
NA,NA,752,0.342892747830361,0.975380508009382,0.935066996300175,NA,NA,NA,NA,0.2259,327,3
NA,NA,753,0.327901928988844,0.975550177154549,0.935778501361482,NA,NA,NA,NA,0.2259,327,3
NA,NA,754,0.258882399279828,0.975704875492789,0.935971591242332,NA,NA,NA,NA,0.2259,327,3
NA,NA,755,0.298098985905647,0.975884525175907,0.936307119512836,NA,NA,NA,NA,0.2259,327,3
NA,NA,756,0.357020654898494,0.976129048355706,0.936691664914775,NA,NA,NA,NA,0.2259,327,3
NA,NA,757,0.290577189900121,0.97616897050751,0.936822982642273,NA,NA,NA,NA,0.2259,327,3
NA,NA,758,0.261506940639742,0.976064174859025,0.936499842294521,NA,NA,NA,NA,0.2259,327,3
NA,NA,759,0.267957283455566,0.976034233245172,0.936472857000273,NA,NA,NA,NA,0.2259,327,3
NA,NA,76,0.895525637949813,0.902594939867259,0.818263167919392,NA,NA,NA,NA,0.2259,327,3
NA,NA,760,0.2372375297391,0.975974350017466,0.936371676174538,NA,NA,NA,NA,0.2259,327,3
NA,NA,761,0.248031765510659,0.976064174859025,0.936488726560441,NA,NA,NA,NA,0.2259,327,3
NA,NA,762,0.295939505174009,0.976034233245172,0.93637721460293,NA,NA,NA,NA,0.2259,327,3
NA,NA,763,0.294231926482441,0.976134038624682,0.936668221791952,NA,NA,NA,NA,0.2259,327,3
NA,NA,764,0.244327615192361,0.976049204052098,0.93627624318009,NA,NA,NA,NA,0.2259,327,3
NA,NA,765,0.232323986923384,0.976089126203902,0.936249355193858,NA,NA,NA,NA,0.2259,327,3
NA,NA,766,0.227864178357629,0.976358600728579,0.936643321532846,NA,NA,NA,NA,0.2259,327,3
NA,NA,767,0.276497982005461,0.976188931583412,0.936233680116499,NA,NA,NA,NA,0.2259,327,3
NA,NA,768,0.270805690615478,0.976158989969559,0.936141328741758,NA,NA,NA,NA,0.2259,327,3
NA,NA,769,0.266515713695163,0.976129048355706,0.935805243763639,NA,NA,NA,NA,0.2259,327,3
NA,NA,77,0.744218750898067,0.903253655372025,0.819294749486765,NA,NA,NA,NA,0.2259,327,3
NA,NA,770,0.266146443040906,0.976483357452967,0.93761179590893,NA,NA,NA,NA,0.2259,327,3
NA,NA,771,0.297155249574786,0.976707919556864,0.937987531487612,NA,NA,NA,NA,0.2259,327,3
NA,NA,772,0.264293840336213,0.976583162832477,0.937713236062645,NA,NA,NA,NA,0.2259,327,3
NA,NA,773,0.311058351291242,0.976343629921653,0.937092146436464,NA,NA,NA,NA,0.2259,327,3
NA,NA,774,0.30445639953735,0.976348620190628,0.937193695695818,NA,NA,NA,NA,0.2259,327,3
NA,NA,775,0.258058204885541,0.976578172563501,0.937944296366567,NA,NA,NA,NA,0.2259,327,3
NA,NA,776,0.238115545952249,0.976508308797844,0.937653263182569,NA,NA,NA,NA,0.2259,327,3
NA,NA,777,0.274348921085812,0.976518289335795,0.937676945058911,NA,NA,NA,NA,0.2259,327,3
NA,NA,778,0.300029213957422,0.97661310444633,0.937723270297408,NA,NA,NA,NA,0.2259,327,3
NA,NA,779,0.264297447493186,0.976523279604771,0.937398082359798,NA,NA,NA,NA,0.2259,327,3
NA,NA,78,0.885662736867873,0.900818404111982,0.816181550633704,NA,NA,NA,NA,0.2259,327,3
NA,NA,780,0.303993247041129,0.976558211487599,0.937433461536047,NA,NA,NA,NA,0.2259,327,3
NA,NA,781,0.231145939147066,0.976528269873746,0.937471336466285,NA,NA,NA,NA,0.2259,327,3
NA,NA,782,0.295075590280235,0.976543240680673,0.937595377566912,NA,NA,NA,NA,0.2259,327,3
NA,NA,783,0.198644772389748,0.976543240680673,0.937606870235687,NA,NA,NA,NA,0.2259,327,3
NA,NA,784,0.307876723187999,0.976308698038824,0.937050636039356,NA,NA,NA,NA,0.2259,327,3
NA,NA,785,0.275551485772269,0.976488347721942,0.937627297486098,NA,NA,NA,NA,0.2259,327,3
NA,NA,786,0.209676213289601,0.976643046060183,0.938049210905082,NA,NA,NA,NA,0.2259,327,3
NA,NA,787,0.23913073763102,0.976453415839114,0.937513579136029,NA,NA,NA,NA,0.2259,327,3
NA,NA,788,0.27593339961954,0.97666799740506,0.938099991279768,NA,NA,NA,NA,0.2259,327,3
NA,NA,789,0.28957367684824,0.976628075253256,0.938131045009298,NA,NA,NA,NA,0.2259,327,3
NA,NA,79,0.79527483072081,0.900526473376915,0.814637230998082,NA,NA,NA,NA,0.2259,327,3
NA,NA,790,0.284721346309258,0.976702929287889,0.9382729850916,NA,NA,NA,NA,0.2259,327,3
NA,NA,791,0.265791476241923,0.976563201756575,0.937757236029083,NA,NA,NA,NA,0.2259,327,3
NA,NA,792,0.288841720887448,0.97671290982584,0.938021206142099,NA,NA,NA,NA,0.2259,327,3
NA,NA,793,0.226976298919787,0.976443435301163,0.937188733915362,NA,NA,NA,NA,0.2259,327,3
NA,NA,794,0.311883123269275,0.976248814811118,0.936739071520462,NA,NA,NA,NA,0.2259,327,3
NA,NA,795,0.372022940400126,0.976398522880383,0.936823834395557,NA,NA,NA,NA,0.2259,327,3
NA,NA,796,0.296395819161686,0.976807724936374,0.937901331770624,NA,NA,NA,NA,0.2259,327,3
NA,NA,797,0.307309616362683,0.976478367183991,0.937598687425869,NA,NA,NA,NA,0.2259,327,3
NA,NA,798,0.299024442246354,0.976448425570138,0.937540470418479,NA,NA,NA,NA,0.2259,327,3
NA,NA,799,0.201474890477798,0.976663007136085,0.937988013148526,NA,NA,NA,NA,0.2259,327,3
NA,NA,8,1.28853557167628,0.831975148460502,0.667329978166885,NA,NA,NA,NA,0.2259,327,3
NA,NA,80,0.894713418174527,0.901988622186736,0.811064033337401,NA,NA,NA,NA,0.2259,327,3
NA,NA,800,0.288644762144903,0.976852637357154,0.938623828862612,NA,NA,NA,NA,0.2259,327,3
NA,NA,801,0.257718039678339,0.976882578971006,0.938671422527371,NA,NA,NA,NA,0.2259,327,3
NA,NA,802,0.23051507149857,0.97726682968212,0.93967818149995,NA,NA,NA,NA,0.2259,327,3
NA,NA,803,0.278668801926766,0.977346673985728,0.939914780902074,NA,NA,NA,NA,0.2259,327,3
NA,NA,804,0.226498085922054,0.977396576675483,0.940141741002527,NA,NA,NA,NA,0.2259,327,3
NA,NA,805,0.221976818843416,0.977461450172164,0.940491543103802,NA,NA,NA,NA,0.2259,327,3
NA,NA,806,0.263676550977334,0.977705973351964,0.941352858914301,NA,NA,NA,NA,0.2259,327,3
NA,NA,807,0.262447734413991,0.977556265282699,0.940747853831285,NA,NA,NA,NA,0.2259,327,3
NA,NA,808,0.257208478003927,0.977556265282699,0.940801718816044,NA,NA,NA,NA,0.2259,327,3
NA,NA,809,0.219923025049659,0.977601177703478,0.940825161363462,NA,NA,NA,NA,0.2259,327,3
NA,NA,81,1.0726255230974,0.904171864863516,0.813608751289497,NA,NA,NA,NA,0.2259,327,3
NA,NA,810,0.274707421280388,0.977451469634213,0.940544221812247,NA,NA,NA,NA,0.2259,327,3
NA,NA,811,0.319039514674842,0.977241878337242,0.93996339003365,NA,NA,NA,NA,0.2259,327,3
NA,NA,812,0.244267127606861,0.977486401517042,0.940638822355684,NA,NA,NA,NA,0.2259,327,3
NA,NA,813,0.30160523371315,0.97756624582065,0.940785986307977,NA,NA,NA,NA,0.2259,327,3
NA,NA,814,0.325439765393811,0.977391586406507,0.940418873229587,NA,NA,NA,NA,0.2259,327,3
NA,NA,815,0.32162866791689,0.977541294475772,0.940600676451391,NA,NA,NA,NA,0.2259,327,3
NA,NA,816,0.277820348880846,0.977576226358601,0.940417904671239,NA,NA,NA,NA,0.2259,327,3
NA,NA,817,0.158044137099864,0.977646090124258,0.940328500109412,NA,NA,NA,NA,0.2259,327,3
NA,NA,818,0.257378575653446,0.977900593842008,0.941081335554778,NA,NA,NA,NA,0.2259,327,3
NA,NA,819,0.214768781709427,0.978070262987175,0.941491514495526,NA,NA,NA,NA,0.2259,327,3
NA,NA,82,0.855870912823227,0.904620989071311,0.814789979996749,NA,NA,NA,NA,0.2259,327,3
NA,NA,820,0.21437137872229,0.978299815360048,0.941803732987925,NA,NA,NA,NA,0.2259,327,3
NA,NA,821,0.223606321629634,0.97831977643595,0.94186038243845,NA,NA,NA,NA,0.2259,327,3
NA,NA,822,0.213367734232511,0.978200009980538,0.941603329939714,NA,NA,NA,NA,0.2259,327,3
NA,NA,823,0.312475159472871,0.978040321373322,0.941234713309767,NA,NA,NA,NA,0.2259,327,3
NA,NA,824,0.199080314978922,0.977960477069714,0.941123918746011,NA,NA,NA,NA,0.2259,327,3
NA,NA,825,0.291257306074868,0.978055292180249,0.941216136706314,NA,NA,NA,NA,0.2259,327,3
NA,NA,826,0.265568219551027,0.978145117021808,0.941465725568052,NA,NA,NA,NA,0.2259,327,3
NA,NA,827,0.270003594028734,0.978190029442587,0.941178453456451,NA,NA,NA,NA,0.2259,327,3
NA,NA,828,0.282245986457829,0.977955486800739,0.940852830665748,NA,NA,NA,NA,0.2259,327,3
NA,NA,829,0.301097142238038,0.978115175407954,0.941200920960303,NA,NA,NA,NA,0.2259,327,3
NA,NA,83,0.809334558210401,0.904226757822247,0.814059230780606,NA,NA,NA,NA,0.2259,327,3
NA,NA,830,0.247422232463813,0.977940515993812,0.940223703752932,NA,NA,NA,NA,0.2259,327,3
NA,NA,831,0.222245225058234,0.977875642497131,0.94005938307419,NA,NA,NA,NA,0.2259,327,3
NA,NA,832,0.266061036244244,0.977935525724837,0.940102950187367,NA,NA,NA,NA,0.2259,327,3
NA,NA,833,0.25430163318787,0.978100204601028,0.940632185795522,NA,NA,NA,NA,0.2259,327,3
NA,NA,834,0.241112186242411,0.978035331104346,0.940510315392514,NA,NA,NA,NA,0.2259,327,3
NA,NA,835,0.313405039163712,0.978110185138979,0.940566938555183,NA,NA,NA,NA,0.2259,327,3
NA,NA,836,0.276705279889305,0.978060282449224,0.940382910661037,NA,NA,NA,NA,0.2259,327,3
NA,NA,837,0.273937384745836,0.978100204601028,0.940577272717998,NA,NA,NA,NA,0.2259,327,3
NA,NA,838,0.207145543932312,0.978080243525126,0.94056383222398,NA,NA,NA,NA,0.2259,327,3
NA,NA,839,0.299142507637518,0.978035331104346,0.940417085169389,NA,NA,NA,NA,0.2259,327,3
NA,NA,84,0.78805322615322,0.904591047457458,0.812546021051972,NA,NA,NA,NA,0.2259,327,3
NA,NA,840,0.271756080370807,0.978110185138979,0.940541666061141,NA,NA,NA,NA,0.2259,327,3
NA,NA,841,0.286997327424301,0.978095214332052,0.940420078187574,NA,NA,NA,NA,0.2259,327,3
NA,NA,842,0.219847104349929,0.978050301911273,0.9403550865922,NA,NA,NA,NA,0.2259,327,3
NA,NA,843,0.232896686724498,0.978135136483857,0.940592715586849,NA,NA,NA,NA,0.2259,327,3
NA,NA,844,0.261924506548651,0.978010379759469,0.940182305299166,NA,NA,NA,NA,0.2259,327,3
NA,NA,845,0.245462331279947,0.97812016567693,0.94063415226185,NA,NA,NA,NA,0.2259,327,3
NA,NA,846,0.260531689985175,0.977995408952543,0.940129627661389,NA,NA,NA,NA,0.2259,327,3
NA,NA,847,0.219119969044475,0.978239932132342,0.940797903171712,NA,NA,NA,NA,0.2259,327,3
NA,NA,848,0.30032987385203,0.978249912670293,0.940818231698553,NA,NA,NA,NA,0.2259,327,3
NA,NA,849,0.302068060063146,0.978075253256151,0.940291355741095,NA,NA,NA,NA,0.2259,327,3
NA,NA,85,0.765432878222616,0.903854982783572,0.815347632010264,NA,NA,NA,NA,0.2259,327,3
NA,NA,850,0.229443489708723,0.978309795897999,0.941117358154482,NA,NA,NA,NA,0.2259,327,3
NA,NA,851,0.20930763570296,0.978254902939268,0.940864935209717,NA,NA,NA,NA,0.2259,327,3
NA,NA,852,0.258461162799613,0.978364688856729,0.940691684044738,NA,NA,NA,NA,0.2259,327,3
NA,NA,853,0.256382957061378,0.978309795897999,0.94054827214853,NA,NA,NA,NA,0.2259,327,3
NA,NA,854,0.229335605911444,0.978344727780827,0.940755421570033,NA,NA,NA,NA,0.2259,327,3
NA,NA,855,0.245242415210436,0.978444533160337,0.94067071400078,NA,NA,NA,NA,0.2259,327,3
NA,NA,856,0.235481575104556,0.978354708318778,0.94038937573921,NA,NA,NA,NA,0.2259,327,3
NA,NA,857,0.246075601225093,0.978125155945905,0.939813265613885,NA,NA,NA,NA,0.2259,327,3
NA,NA,858,0.255621203994589,0.978324766704925,0.940463907003659,NA,NA,NA,NA,0.2259,327,3
NA,NA,859,0.248738327741946,0.978224961325415,0.939931923830557,NA,NA,NA,NA,0.2259,327,3
NA,NA,86,0.759441393794095,0.904314087529318,0.815209733899441,NA,NA,NA,NA,0.2259,327,3
NA,NA,860,0.242805692929782,0.978279854284146,0.94010415963803,NA,NA,NA,NA,0.2259,327,3
NA,NA,861,0.233023811665929,0.978464494236239,0.940500146769529,NA,NA,NA,NA,0.2259,327,3
NA,NA,862,0.29121892123406,0.97831977643595,0.940316699822322,NA,NA,NA,NA,0.2259,327,3
NA,NA,863,0.216703805028485,0.978000399221518,0.939582648002457,NA,NA,NA,NA,0.2259,327,3
NA,NA,864,0.290760712779146,0.978050301911273,0.939884763316387,NA,NA,NA,NA,0.2259,327,3
NA,NA,865,0.199026359343116,0.978015370028445,0.939647199715889,NA,NA,NA,NA,0.2259,327,3
NA,NA,866,0.275257418192989,0.977705973351964,0.938795319418985,NA,NA,NA,NA,0.2259,327,3
NA,NA,867,0.203629234120481,0.977730924696841,0.939005383926665,NA,NA,NA,NA,0.2259,327,3
NA,NA,868,0.283095123154766,0.977850691152253,0.939159183008231,NA,NA,NA,NA,0.2259,327,3
NA,NA,869,0.2731442574515,0.977940515993812,0.939496343300395,NA,NA,NA,NA,0.2259,327,3
NA,NA,87,0.709073103511911,0.902916812216178,0.816580894624737,NA,NA,NA,NA,0.2259,327,3
NA,NA,870,0.311363346917745,0.977855681421229,0.939255629313701,NA,NA,NA,NA,0.2259,327,3
NA,NA,871,0.245909840008759,0.977805778731474,0.93913341756305,NA,NA,NA,NA,0.2259,327,3
NA,NA,872,0.306841137629324,0.977910574379959,0.939663911963389,NA,NA,NA,NA,0.2259,327,3
NA,NA,873,0.235372610251572,0.978005389490494,0.9399650243728,NA,NA,NA,NA,0.2259,327,3
NA,NA,874,0.258108099712874,0.977611158241429,0.938712268498297,NA,NA,NA,NA,0.2259,327,3
NA,NA,875,0.361922706612877,0.977496382054993,0.938356855055794,NA,NA,NA,NA,0.2259,327,3
NA,NA,876,0.244147715977223,0.977636109586307,0.938687752328629,NA,NA,NA,NA,0.2259,327,3
NA,NA,877,0.204664016199806,0.977695992814013,0.93849407799797,NA,NA,NA,NA,0.2259,327,3
NA,NA,878,0.227949874492335,0.977735914965817,0.938512995294582,NA,NA,NA,NA,0.2259,327,3
NA,NA,879,0.197536146566317,0.977626129048356,0.938543534761216,NA,NA,NA,NA,0.2259,327,3
NA,NA,88,0.790389192490665,0.90165177903089,0.81571009364414,NA,NA,NA,NA,0.2259,327,3
NA,NA,880,0.220326168441546,0.977930535455861,0.939156497099139,NA,NA,NA,NA,0.2259,327,3
NA,NA,881,0.237322639123748,0.978115175407954,0.9397180054539,NA,NA,NA,NA,0.2259,327,3
NA,NA,882,0.270496319538706,0.978110185138979,0.939551097341709,NA,NA,NA,NA,0.2259,327,3
NA,NA,883,0.215367571900372,0.978045311642297,0.939649562261313,NA,NA,NA,NA,0.2259,327,3
NA,NA,884,0.21019283061266,0.977895603573033,0.939223722255941,NA,NA,NA,NA,0.2259,327,3
NA,NA,885,0.258721694594737,0.977875642497131,0.939200205360478,NA,NA,NA,NA,0.2259,327,3
NA,NA,886,0.212402818164992,0.977810769000449,0.939242897168333,NA,NA,NA,NA,0.2259,327,3
NA,NA,887,0.232509297758776,0.977815759269425,0.939190430641175,NA,NA,NA,NA,0.2259,327,3
NA,NA,888,0.268392203273263,0.977955486800739,0.939370025089058,NA,NA,NA,NA,0.2259,327,3
NA,NA,889,0.296648653703024,0.978005389490494,0.93883135847452,NA,NA,NA,NA,0.2259,327,3
NA,NA,89,0.742150655920466,0.898198512899845,0.811516865902394,NA,NA,NA,NA,0.2259,327,3
NA,NA,890,0.287674862879992,0.978414591546484,0.939652499366813,NA,NA,NA,NA,0.2259,327,3
NA,NA,891,0.250977477274914,0.978504416388043,0.940468595972576,NA,NA,NA,NA,0.2259,327,3
NA,NA,892,0.224810771189967,0.978349718049803,0.93994094631405,NA,NA,NA,NA,0.2259,327,3
NA,NA,893,0.252550466881767,0.97821997105644,0.93948846621491,NA,NA,NA,NA,0.2259,327,3
NA,NA,894,0.23294125644341,0.978200009980538,0.93955976517001,NA,NA,NA,NA,0.2259,327,3
NA,NA,895,0.267435998465736,0.978040321373322,0.939080486077739,NA,NA,NA,NA,0.2259,327,3
NA,NA,896,0.274321212182286,0.977900593842008,0.939206454262952,NA,NA,NA,NA,0.2259,327,3
NA,NA,897,0.271849715525421,0.977770846848645,0.938739102660505,NA,NA,NA,NA,0.2259,327,3
NA,NA,898,0.230419988940884,0.977626129048356,0.938317942126453,NA,NA,NA,NA,0.2259,327,3
NA,NA,899,0.268843621482137,0.977416537751385,0.937950324150537,NA,NA,NA,NA,0.2259,327,3
NA,NA,9,1.19132209385969,0.838085732820999,0.677370681223541,NA,NA,NA,NA,0.2259,327,3
NA,NA,90,0.865865919227072,0.897869155147462,0.810575198665943,NA,NA,NA,NA,0.2259,327,3
NA,NA,900,0.233614923678029,0.977511352861919,0.938320014733875,NA,NA,NA,NA,0.2259,327,3
NA,NA,901,0.269741912543125,0.977661060931184,0.938542929079615,NA,NA,NA,NA,0.2259,327,3
NA,NA,902,0.262125659108035,0.97786566195918,0.938983626090168,NA,NA,NA,NA,0.2259,327,3
NA,NA,903,0.245354821758957,0.977755876041719,0.938680722457593,NA,NA,NA,NA,0.2259,327,3
NA,NA,904,0.264685641786055,0.977641099855282,0.938550853516885,NA,NA,NA,NA,0.2259,327,3
NA,NA,905,0.231220068181,0.977376615599581,0.93754759271839,NA,NA,NA,NA,0.2259,327,3
NA,NA,906,0.208682193920267,0.977461450172164,0.93774725190816,NA,NA,NA,NA,0.2259,327,3
NA,NA,907,0.246957458838807,0.97746644044114,0.937507296288677,NA,NA,NA,NA,0.2259,327,3
NA,NA,908,0.232479513656311,0.977376615599581,0.937111355958256,NA,NA,NA,NA,0.2259,327,3
NA,NA,909,0.230130756722476,0.977391586406507,0.9366661148509,NA,NA,NA,NA,0.2259,327,3
NA,NA,91,0.801445157015298,0.89940116772294,0.813404671392527,NA,NA,NA,NA,0.2259,327,3
NA,NA,910,0.223476373786282,0.977326712909826,0.936464830460708,NA,NA,NA,NA,0.2259,327,3
NA,NA,911,0.231157525433259,0.977596187434503,0.937146661263792,NA,NA,NA,NA,0.2259,327,3
NA,NA,912,0.256274499220323,0.977691002545037,0.937260367213376,NA,NA,NA,NA,0.2259,327,3
NA,NA,913,0.208827300182926,0.977810769000449,0.937686789516022,NA,NA,NA,NA,0.2259,327,3
NA,NA,914,0.276494016541765,0.978045311642297,0.938268176044006,NA,NA,NA,NA,0.2259,327,3
NA,NA,915,0.204674206281411,0.978110185138979,0.938460014031991,NA,NA,NA,NA,0.2259,327,3
NA,NA,916,0.241150740552162,0.978289834822097,0.938962185557496,NA,NA,NA,NA,0.2259,327,3
NA,NA,917,0.277941697794502,0.978389640201607,0.939181415691396,NA,NA,NA,NA,0.2259,327,3
NA,NA,918,0.212643679973213,0.978279854284146,0.938682919241589,NA,NA,NA,NA,0.2259,327,3
NA,NA,919,0.2652383797078,0.97831977643595,0.938671779986037,NA,NA,NA,NA,0.2259,327,3
NA,NA,92,0.761074808300896,0.899436099605769,0.812028599830947,NA,NA,NA,NA,0.2259,327,3
NA,NA,920,0.200799474637231,0.978659114726284,0.939769389547914,NA,NA,NA,NA,0.2259,327,3
NA,NA,921,0.191218959470317,0.97871899795399,0.939838468298277,NA,NA,NA,NA,0.2259,327,3
NA,NA,922,0.216519038143369,0.978704027147063,0.939828348213383,NA,NA,NA,NA,0.2259,327,3
NA,NA,923,0.198319789218031,0.978709017416039,0.93992344664876,NA,NA,NA,NA,0.2259,327,3
NA,NA,924,0.229772604777438,0.978684066071161,0.939857732731322,NA,NA,NA,NA,0.2259,327,3
NA,NA,925,0.266160127200541,0.978624182843455,0.939589889273958,NA,NA,NA,NA,0.2259,327,3
NA,NA,926,0.217869852347489,0.978579270422676,0.939503991593574,NA,NA,NA,NA,0.2259,327,3
NA,NA,927,0.212231182863532,0.978559309346774,0.93949058780098,NA,NA,NA,NA,0.2259,327,3
NA,NA,928,0.278397152048256,0.978399620739558,0.938873886943897,NA,NA,NA,NA,0.2259,327,3
NA,NA,929,0.239834618752005,0.97851938719497,0.939057854562514,NA,NA,NA,NA,0.2259,327,3
NA,NA,93,0.803190414691708,0.901192674285144,0.814849891048718,NA,NA,NA,NA,0.2259,327,3
NA,NA,930,0.21670338935949,0.978634163381406,0.939361115456456,NA,NA,NA,NA,0.2259,327,3
NA,NA,931,0.169758878189079,0.97901841409252,0.940253810678711,NA,NA,NA,NA,0.2259,327,3
NA,NA,932,0.238355552831191,0.978963521133789,0.939952475501596,NA,NA,NA,NA,0.2259,327,3
NA,NA,933,0.218638179943375,0.978878686561206,0.939868198696714,NA,NA,NA,NA,0.2259,327,3
NA,NA,934,0.254308090791673,0.979023404361495,0.940289786192231,NA,NA,NA,NA,0.2259,327,3
NA,NA,935,0.24337480718486,0.979068316782275,0.940497225010161,NA,NA,NA,NA,0.2259,327,3
NA,NA,936,0.23875333077967,0.978793851988622,0.939939443634812,NA,NA,NA,NA,0.2259,327,3
NA,NA,937,0.245955778130855,0.978783871450671,0.939935477858464,NA,NA,NA,NA,0.2259,327,3
NA,NA,938,0.29920843488571,0.97891860871301,0.940098240095315,NA,NA,NA,NA,0.2259,327,3
NA,NA,939,0.260995563593244,0.97891860871301,0.940189555468086,NA,NA,NA,NA,0.2259,327,3
NA,NA,94,0.742030653434028,0.900693647387594,0.816161229482718,NA,NA,NA,NA,0.2259,327,3
NA,NA,940,0.21248364956151,0.978933579519936,0.940396510024441,NA,NA,NA,NA,0.2259,327,3
NA,NA,941,0.236955969571135,0.979008433554569,0.94052389790309,NA,NA,NA,NA,0.2259,327,3
NA,NA,942,0.199873832144002,0.978988472478667,0.940480746506806,NA,NA,NA,NA,0.2259,327,3
NA,NA,943,0.241622134799007,0.979083287589201,0.940766164781981,NA,NA,NA,NA,0.2259,327,3
NA,NA,944,0.282273778930348,0.979038375168422,0.940530514497311,NA,NA,NA,NA,0.2259,327,3
NA,NA,945,0.251450632934371,0.97907330705125,0.940827546466896,NA,NA,NA,NA,0.2259,327,3
NA,NA,946,0.214263383139519,0.978913618444034,0.940321952077553,NA,NA,NA,NA,0.2259,327,3
NA,NA,947,0.2607138914343,0.978933579519936,0.940449628322407,NA,NA,NA,NA,0.2259,327,3
NA,NA,948,0.263696346768168,0.978858725485304,0.940175696884159,NA,NA,NA,NA,0.2259,327,3
NA,NA,949,0.216673666589878,0.978484455312141,0.938408782147424,NA,NA,NA,NA,0.2259,327,3
NA,NA,95,0.829525130579871,0.901966165976346,0.820885551736528,NA,NA,NA,NA,0.2259,327,3
NA,NA,950,0.175647435229981,0.978544338539847,0.938654873424347,NA,NA,NA,NA,0.2259,327,3
NA,NA,951,0.160714114981149,0.978544338539847,0.938403366114873,NA,NA,NA,NA,0.2259,327,3
NA,NA,952,0.257658065442815,0.978394630470582,0.93806061345135,NA,NA,NA,NA,0.2259,327,3
NA,NA,953,0.21167335671132,0.978234941863366,0.937530062578523,NA,NA,NA,NA,0.2259,327,3
NA,NA,954,0.182467473254593,0.978309795897999,0.938167723661266,NA,NA,NA,NA,0.2259,327,3
NA,NA,955,0.24663192506999,0.978369679125705,0.938255111953828,NA,NA,NA,NA,0.2259,327,3
NA,NA,956,0.229478473231598,0.978379659663656,0.938493208368615,NA,NA,NA,NA,0.2259,327,3
NA,NA,957,0.195433500825422,0.978404611008533,0.938611412861647,NA,NA,NA,NA,0.2259,327,3
NA,NA,958,0.163624278969539,0.978399620739558,0.938585870595887,NA,NA,NA,NA,0.2259,327,3
NA,NA,959,0.253466679360431,0.978529367732921,0.938711094617989,NA,NA,NA,NA,0.2259,327,3
NA,NA,96,0.776791673372377,0.903528120165677,0.822792370081412,NA,NA,NA,NA,0.2259,327,3
NA,NA,960,0.220379703178468,0.978449523429313,0.938446912231411,NA,NA,NA,NA,0.2259,327,3
NA,NA,961,0.224253493553155,0.978439542891362,0.9382754782131,NA,NA,NA,NA,0.2259,327,3
NA,NA,962,0.268497780726374,0.978404611008533,0.938450062616946,NA,NA,NA,NA,0.2259,327,3
NA,NA,963,0.250684715859579,0.978544338539847,0.939008507355998,NA,NA,NA,NA,0.2259,327,3
NA,NA,964,0.198601093085091,0.978584260691651,0.93931699019766,NA,NA,NA,NA,0.2259,327,3
NA,NA,965,0.197810278254622,0.978689056340137,0.939585837849513,NA,NA,NA,NA,0.2259,327,3
NA,NA,966,0.224113326639305,0.978544338539847,0.939144874315963,NA,NA,NA,NA,0.2259,327,3
NA,NA,967,0.239532448040213,0.978344727780827,0.938389633915221,NA,NA,NA,NA,0.2259,327,3
NA,NA,968,0.238450299044058,0.978464494236239,0.938339023848187,NA,NA,NA,NA,0.2259,327,3
NA,NA,969,0.237464089124985,0.978429562353411,0.938275556185626,NA,NA,NA,NA,0.2259,327,3
NA,NA,97,0.827715030721475,0.905139977044763,0.824454909519534,NA,NA,NA,NA,0.2259,327,3
NA,NA,970,0.177722841840551,0.978464494236239,0.938564682639571,NA,NA,NA,NA,0.2259,327,3
NA,NA,971,0.218885394063732,0.978364688856729,0.938110055596359,NA,NA,NA,NA,0.2259,327,3
NA,NA,972,0.178096775194637,0.978424572084435,0.938578856335367,NA,NA,NA,NA,0.2259,327,3
NA,NA,973,0.249765762444172,0.97847447477419,0.938782482407226,NA,NA,NA,NA,0.2259,327,3
NA,NA,974,0.224885681831613,0.978569289884725,0.938915423612953,NA,NA,NA,NA,0.2259,327,3
NA,NA,975,0.189567189849305,0.978569289884725,0.938940657154714,NA,NA,NA,NA,0.2259,327,3
NA,NA,976,0.240544681531381,0.978464494236239,0.938776111095044,NA,NA,NA,NA,0.2259,327,3
NA,NA,977,0.218644763412189,0.978334747242876,0.938385843308708,NA,NA,NA,NA,0.2259,327,3
NA,NA,978,0.247719542279486,0.978459503967264,0.938582628859855,NA,NA,NA,NA,0.2259,327,3
NA,NA,979,0.215766143991669,0.978454513698288,0.938583354217044,NA,NA,NA,NA,0.2259,327,3
NA,NA,98,0.90212568468837,0.908059284395429,0.829485672322123,NA,NA,NA,NA,0.2259,327,3
NA,NA,980,0.197129766923985,0.978704027147063,0.939339452587673,NA,NA,NA,NA,0.2259,327,3
NA,NA,981,0.243016509444194,0.978589250960627,0.938932684309665,NA,NA,NA,NA,0.2259,327,3
NA,NA,982,0.169112706876591,0.978614202305504,0.938735045051003,NA,NA,NA,NA,0.2259,327,3
NA,NA,983,0.256786539872245,0.978629173112431,0.938688423587236,NA,NA,NA,NA,0.2259,327,3
NA,NA,984,0.212950559130626,0.978694046609112,0.938689328170144,NA,NA,NA,NA,0.2259,327,3
NA,NA,985,0.244666305950253,0.978559309346774,0.938035650496867,NA,NA,NA,NA,0.2259,327,3
NA,NA,986,0.22238569657139,0.978733968760916,0.938566786381617,NA,NA,NA,NA,0.2259,327,3
NA,NA,987,0.197402347818273,0.978783871450671,0.938874100984859,NA,NA,NA,NA,0.2259,327,3
NA,NA,988,0.213486702226651,0.978828783871451,0.939004523309582,NA,NA,NA,NA,0.2259,327,3
NA,NA,989,0.169030973563999,0.978983482209691,0.939510169717079,NA,NA,NA,NA,0.2259,327,3
NA,NA,99,0.607824162049284,0.908785368531364,0.831894627591015,NA,NA,NA,NA,0.2259,327,3
NA,NA,990,0.232083740885815,0.978928589250961,0.939281263300968,NA,NA,NA,NA,0.2259,327,3
NA,NA,991,0.206145078977351,0.978998453016618,0.939435741221797,NA,NA,NA,NA,0.2259,327,3
NA,NA,992,0.209499574681776,0.979068316782275,0.939749069995169,NA,NA,NA,NA,0.2259,327,3
NA,NA,993,0.163907350883385,0.978813813064524,0.939035768236675,NA,NA,NA,NA,0.2259,327,3
NA,NA,994,0.226302197477421,0.978848744947353,0.939038753015217,NA,NA,NA,NA,0.2259,327,3
NA,NA,995,0.201853994409688,0.978943560057887,0.939154739153566,NA,NA,NA,NA,0.2259,327,3
NA,NA,996,0.181021339602695,0.978813813064524,0.938983285227366,NA,NA,NA,NA,0.2259,327,3
NA,NA,997,0.200681895434721,0.97871899795399,0.938550590297449,NA,NA,NA,NA,0.2259,327,3
NA,NA,998,0.251188874516584,0.978883676830181,0.939034438731366,NA,NA,NA,NA,0.2259,327,3
NA,NA,999,0.22434585959766,0.978778881181696,0.937926854775926,NA,NA,NA,NA,0.2259,327,3
