site_index,visit_index,det_prob,observed,0,1,2,3,4,5,6,7,8,9
0,1,0.5378628472436082,0,-1.2150953944224527,-0.25227282921284916,-1.3692127174092705,1.8574294971869079,-3.6888020681005567,-0.9340048481542177,4.584980686303101,0.9776201087911565,1.4205339813213274,2.1110688864483
0,2,0.6826037316887771,0,0.10814620069157034,0.5159068326839429,1.176563299406353,1.7704884772252885,-2.0340140484137854,-0.2673860625666549,-0.876371002664681,0.9868869888563426,-0.39801823969662653,-2.549967214644294
0,3,0.8000777597508838,0,0.5869883088757468,0.21790062365332344,0.06345357171806902,2.5452797260589164,2.142895798894723,0.8316360243171469,3.101358462753727,-0.6227578336605625,-2.7584798147154945,2.742817573353099
1,1,0.4423947360432763,0,0.055423304560958925,-0.6407991534871954,-1.6923408101662778,-0.8668578388124475,-2.674069007702798,0.4183443413469506,-2.84864260349811,-1.1069537054812408,0.14959728792839996,-1.011239666939169
1,2,0.24691098192561894,0,2.1048155677371856,1.9428008153791774,0.15366307599782106,-0.8700015502110678,1.105988796168742,0.5334326120637637,0.01797881675511377,1.2822055054983086,-0.35541431533005213,1.3925552232772045
1,3,0.14963150815901632,0,-2.377450193124334,-0.6633937107455352,0.060152276248670394,-2.2158303442186855,-1.0998497962954803,-4.065819118517099,2.815835607120331,1.2662165268008851,4.425493770733249,-1.0532045574468603
2,1,0.7783168476827282,0,1.085763357488551,-0.1689594081191574,2.5840300308621975,-0.3534211380541309,3.3755743039797976,-2.0932270847728276,1.2842404171087098,-0.3459234743133341,-2.224129949323778,-0.041405563210532
2,2,0.0441453429627716,0,-3.6270435481211747,0.4070437865951821,1.0637480860491915,-2.0340469264184646,-3.696101084660971,0.34509814701541675,1.5724030663630355,-0.14294005940826737,1.6726975412353444,-0.39645777801103954
2,3,0.197369445273594,0,-0.18454512858521377,1.7414517573250519,-1.6783849596901677,1.6465107484195933,1.4035047240576186,1.1967210255288787,-1.0159899448463705,0.2722762329227476,-2.9842291845312765,1.2233310731909663
3,1,0.9630848667357573,1,2.7390551746956318,-3.4054628339374413,-1.037561953452534,-2.4694064626380596,-5.7619891791061555,-0.03144656700028793,-3.38536929716581,-1.239269306980928,1.7486503367237325,3.4390380189510927
3,2,0.5183843829516791,1,0.06858017798987326,-1.6968686217133528,0.5376627268172408,-3.482754403504275,0.2529859802265401,-0.30958819250001396,1.6138817800324197,-1.782621268854163,-0.12911356294185225,-0.2725265897720492
3,3,0.015684074763046913,0,-0.34778768642651114,2.6432661221390825,-3.137124822889168,-1.157278219748664,0.8720122198962952,-1.5058176083565535,-1.8482044210323119,-4.874106263783761,-3.176181012581954,-1.856021001255635
4,1,0.4446765492913577,0,-1.1063330406538094,-0.42510158393295006,-1.4669796676668214,0.7414578508266804,2.061805192332928,0.6079866724842138,1.1461936287545922,-2.437175529049898,-1.542941790738522,-0.7050184017979944
4,2,0.9701727248032408,1,6.874897891684458,0.7154010790141572,0.44926772279640226,0.6346391064274238,-0.4245035470661545,-0.6271484085868356,3.259471485620755,0.3468497727187079,0.22897978558320656,0.17612671305766692
4,3,0.8116131931649996,1,0.6079070752167239,-0.7589952493222936,-1.7807492033693286,1.7770385896282288,1.7157404441139001,1.536817465365749,1.2071925681833524,0.5173294674659557,-3.9001379511047043,-1.279690918094418
5,1,0.5833597753350525,0,-0.8266054757709954,0.4631209134556021,-1.459996015375167,3.2359282948286303,-3.034053977463929,0.9120055272118875,-1.720519521361239,-2.1181129725018804,-1.4847515122290913,-0.37278719487127526
5,2,0.1383891207927194,0,-0.6534343417442818,1.6086514134731023,0.4159525977323556,-0.07627408406153094,1.8405523064546694,-1.0877405691979212,3.736513931333282,3.5386999183412904,-0.8998803294178871,-2.6794812298695185
5,3,0.03150538873096458,0,1.8968808810736775,3.0556710061665893,-0.5138705212264414,-2.7897708759728945,0.16544856768238037,-0.5203855542673327,0.8896147137865656,1.7745958072249797,-2.6052353956611083,-0.3336513496042389
6,1,0.4209391652673863,0,-3.411643251091441,-0.4407374953778322,1.0925525136932794,1.640017420378482,-0.607259085849517,3.4835021911041575,1.7520726670727487,1.5902347862085333,-0.7831147176517298,-2.2522996552390113
6,2,0.6824700933606608,0,3.5220349698381277,2.001115814061648,-4.239890998638705,3.8163177912700355,-2.1049560959118145,0.16264620113455253,1.894165359415448,-1.0674334791230775,0.02719291849327141,-2.876760873781563
6,3,0.9598494101473702,0,2.026539553949082,-0.7612496437446885,0.6112728906743503,2.379956443881832,0.9629895135345312,1.6704861575661105,2.4521940829058817,3.44338565859305,-0.4227552189626311,-2.4319659099739264
7,1,0.9745767885374842,1,1.2794528008952282,-2.495020188086367,0.06275391759315205,1.1115379889502741,3.112601692315605,2.5681653910930615,-1.0505153022504292,4.904707598231198,-3.4126541437552573,0.9001203476228102
7,2,0.8011467277883144,1,-2.0842806170479475,-2.953488865917451,-1.0374028291901207,-0.03510485207095941,3.9020424456491036,0.7361954315026386,-1.952598549025029,0.7086170635672628,-1.2779017196707962,-0.49343680874118634
7,3,0.33100525114921187,0,-1.0224102617050987,-0.6602957830693356,-2.900354486007388,-0.04796570038829111,-5.824473754282991,-0.790373225978778,1.1934991342021672,-3.656705111685497,-5.72788896104197,1.3849424959479102
8,1,0.39754248198350844,0,2.4186060319507283,1.33079176555891,-1.230134568230002,-0.24378529958130057,0.8278823542506863,-2.290524920920295,-0.0837562244749032,0.7039170593815911,-5.020020879533317,-0.2392057289580025
8,2,0.5892300377340737,0,0.8668984550508387,-0.8592965496178772,-0.5081161832570805,-1.6221468228086786,-3.264105975607434,-1.7510687069894775,0.7038194678284881,2.1513819125446703,0.9145188656549088,1.6456497212296155
8,3,0.9615957850680171,0,-0.971195258499562,-1.9594352337364322,-0.30057025587671776,3.911107892463502,-1.1621952400379274,0.8833176399884779,-3.0047971295944262,-3.3458826276147655,1.7920540275789802,-0.9328885870075904
9,1,0.8900415242454599,1,1.6732984829749473,-1.5221925178118407,0.6937691697354743,-0.9149270454254861,2.0155444879182123,-2.9075744794497687,-3.450963281992622,-0.6070482268001621,-3.0624991966531896,1.772333044610522
9,2,0.8802052170347033,1,-0.0031680628716188514,-2.037774218200572,1.2885199330805563,-0.588562672149721,2.8962230208420703,0.30712338693310864,-0.029664724387238134,2.9819544732478622,0.8228452196708634,-1.6436795958502164
9,3,0.9984001227435907,1,0.2474949254553322,-3.328261394446506,3.1839120975974247,4.540438097888974,-0.4671690353264261,-0.25373671302890605,1.749296404801655,0.20699991567929527,1.88637424041527,0.3902747705954225
10,1,0.9697620166780967,1,0.01607675459702966,-2.0084935743477024,0.36521941326461993,2.889329496160207,0.4286661356853796,0.5957990177789919,3.7917165691614225,-0.8063392492491491,0.487710058856414,-1.5915765958031287
10,2,0.4430160601938222,1,-1.0823094283366452,-0.42503213704995624,0.13680393911819935,-0.162754067434334,1.5391189716267921,0.4953152011166382,-2.214071100579924,0.8209061691391475,0.6712317665573233,-1.4663462442875308
10,3,0.6201253341798496,0,-1.379134164983412,-2.1849908816237904,0.43756805264500886,-1.9655583636263971,-1.7638601017994398,0.9378262547036003,-0.040105024039473885,3.4235435248079313,-1.3112228105144292,0.2555817552009749
11,1,0.6592162977869931,0,3.1028085645464327,2.3206902386677886,0.42457663972760173,2.1982807101010167,2.312525159922716,0.4502443552075543,1.1439172050088815,0.17628010619424292,-0.31973920096867964,-3.181830722038946
11,2,0.5825888945323195,0,-0.3401023417078335,-0.6106854397505012,-0.9891624305770897,0.40331028515543155,1.2279280106729915,1.8315144244389696,0.32029098876460893,-1.655514770984308,0.976457917751627,0.05667901629406352
11,3,0.3983854539920314,0,1.1942200604483615,-0.036760091746517704,-0.634417527941016,-1.857049172520071,0.6044248912801111,-1.1077903889543472,-1.7904993900579347,-1.6104705526186422,2.675187515887258,-0.586211928125974
12,1,0.9701981248268474,0,-1.6314748740526832,-2.7689407869076486,2.3283092015208267,2.1950639502034495,0.13865983185473044,-0.7322476723180702,0.42587429424090706,0.9133344300622057,-2.026759468794953,-6.134557008295776
12,2,0.5039269210540555,0,2.276397355612657,0.9405506814562389,1.4968454734931136,-1.4599619571412934,-2.793684884658033,5.016602407531801,1.5651885573563762,-2.4059449893029403,-3.2850380344632244,-2.2210230796666637
12,3,0.5808797659886902,0,1.9564249459879097,0.8414776894703663,0.697150923137632,-0.2094914434920919,3.616680156740869,-0.6296991356794486,-1.2010817200453106,0.3988069812430765,-3.0041363367551144,-0.8869459788533215
13,1,0.18601548801529877,0,0.28905081827788165,2.6169588509072956,-1.2506444662027645,2.4373651497942257,1.0637816174618422,0.7586895199423661,0.24339749391710105,2.6350965005753912,0.9799647467665542,-1.2067588055370746
13,2,0.8852751230391579,0,1.1515393928579494,0.1821844895882584,-1.397580943647663,3.9636844713771615,1.9021693834969071,-2.6900814545710445,1.8477265601128456,-1.513991460359534,-0.27581438098376876,-0.3031437420406081
13,3,0.6861273291436278,1,0.6645224241764958,-0.2993799294386077,1.744055912256052,-0.6550445216240671,1.9091657106939115,4.2778958966834955,-0.5284119557000043,-2.5727956254398245,-0.16478391450759322,2.5161879512695244
14,1,0.5799713625029713,0,-0.8427453825819257,0.4429496764628972,0.3912272229016656,2.214422174016025,0.6555694028848869,1.3173970986487247,2.319519536192153,-0.6480198503055005,-1.6145056420228439,-0.411446489981724
14,2,0.2635504425604791,0,2.7120937023727567,1.7824753073195159,-2.269461714808099,-0.36919305203879116,0.1546932668665918,-3.773912044606974,3.796769397331817,-0.1957544968914475,0.4748557443603269,-0.7836271301298348
14,3,0.6637238167655081,0,-2.6543225739155383,-0.6279649147551639,-0.1339104069064114,3.118274033071015,-0.8348456274341859,1.555729057771445,-0.683395306301596,-3.8993851948633114,-0.480011790006701,-1.0454446054267137
15,1,0.5088479515592941,1,-0.9627818607579732,-0.39110851984026135,0.05052507627101638,0.3680427902547994,4.581895599815621,-1.041870140539533,-1.9225696181475191,2.926152726261429,0.46962341400895175,-0.0579073738064703
15,2,0.9483181784464279,1,1.5473563044320786,-0.830962772784942,1.1667968002704423,1.9392432329967542,1.1430700567092928,-0.7544823763351741,-0.26092411255103004,0.3875776038856559,-1.595245600064104,-1.0256897074532276
15,3,0.9225905079238715,1,0.039188579920950754,-2.0532069244634417,-1.1249145772892326,1.5925179880726967,0.9858494460153605,2.285603321262224,-0.5828775609957342,1.8730538615513679,-0.9225182555659543,-0.9524790682203446
16,1,0.5555313509352572,0,0.7183660802583807,0.5278960305427924,-0.8599540780674896,1.1496417020245662,1.001760559386968,-0.410710236889027,2.0557406733224037,-0.4447363939596016,3.1089424872813773,-0.6285897811944612
16,2,0.841838622831164,0,0.5029430351135933,-0.8768495260709701,1.1765398753783403,0.4832109570631654,-1.2268897989642265,-0.5263687193189875,-0.19098471488552646,1.2024396442978444,-0.12662356932817734,0.30587106224884664
16,3,0.03562003895172005,0,0.7974576006325197,2.578470791448952,0.36234957749696955,-2.7331378278390885,-1.111740482771185,0.6305914257152466,2.792843530010616,-1.7457453915752532,1.5224016822444042,0.4022974467934715
17,1,0.9936760260120091,1,-1.524593915766647,-3.975173428959144,4.397320638618081,1.8092062704957483,0.49584607243136,1.8273284447609282,1.598709872932466,0.760318190258466,2.0771840853816195,0.18211376041666716
17,2,0.2910625838298497,1,3.4397321324656986,2.0630658666567867,1.1592845117905644,-2.1910312640537386,-0.3591757100101229,2.0858644515848197,-0.4890163278316067,-1.060819905437372,3.0652185366468196,4.883793616862704
17,3,0.42948853941709947,1,-2.5460213854664384,-0.5694265606125424,2.8877308874847687,-0.43459433696601957,1.2651724412346521,1.4352316755160215,-0.8092361144953762,3.3082027854382816,0.25354639124490663,0.25483304799749074
18,1,0.0591227033820317,0,0.35530585725507113,2.2822855594499343,2.3920794259227987,-2.841042882790263,-0.6333156076934577,-2.7853028684877956,0.836729052538134,0.30109653535698033,-3.090977954762219,-0.48370323975935836
18,2,0.006756428099236324,0,2.3196915754050726,3.0918200063622243,-3.267986096835121,-4.867857623343625,-3.3691974989188433,1.2666874588281936,4.8566060901135595,-2.5392117893762793,-1.1652394116499554,-1.5336052817920627
18,3,0.9658868441560843,1,4.20915302326848,-0.2194375496589213,-1.5694110505143013,2.5382791730979903,-1.8097726262641736,3.6682989472726137,4.702666326443165,2.6565035893162006,2.480725642356819,-2.5673178919468382
19,1,0.4349919676982126,0,-4.8605330578924,-1.4089872141300608,1.7147070660349948,1.130695335776101,-1.5160386214716004,1.3870226860292805,-1.9281563466498681,2.629309277575131,0.8111331928618914,2.12015214640175
19,2,0.021762226461108328,0,-1.8266772139754517,1.3808199314047966,-0.8776265965155101,-2.539265862152486,-2.447732500898003,3.460987428903963,0.8796382561893784,0.21158718726436046,-0.29367707977402396,1.5303108700878865
19,3,0.4553739153139036,0,-1.990360814083779,-1.4943265177185279,1.0873980399141405,-1.6321950856133445,3.2483522250672783,-0.4951919880409688,-0.41550703632434355,-0.8568689805957382,-0.120556439082795,-1.9351183749998033
20,1,0.9862826625328973,0,0.0029597469704022114,-4.356725662531557,-1.7846362718086772,1.1504965480200637,-0.7711935145016453,-0.6900595313468573,-4.367513794403382,0.4151118011932182,-0.07036779082517623,-3.46083407454658
20,2,0.42359729269833674,0,-1.5387816194180937,0.8830104016010981,1.934836616797986,1.7246104763070098,0.6729578802024151,3.349618307230994,3.303049549673726,0.09336098344161001,-2.3908515436126114,1.8826721325368754
20,3,0.6713338036571694,0,2.792956470945446,-0.6514760737390333,-4.29300230043017,-0.5555051868036999,0.6225318045051121,1.0268322698015382,0.618231465482051,2.389877645495908,-2.7270495516980944,-1.6368266465327144
21,1,0.9255272239757913,1,4.197327817350124,-0.3387818012434737,-2.2483558941111705,1.050994895148328,1.4869911558016724,0.18467375252841073,-3.388097030202967,0.7007219512373172,3.8090755563410106,-2.1227248688405833
21,2,0.9962265889660751,1,3.658432344769259,-0.12042115897228862,1.7392364330400105,6.019903937818358,-4.994349872413843,1.9746195965120403,-0.9532678987566233,1.1363279672361835,0.8116545680722196,-1.8141675819915624
21,3,0.9804655611526757,1,1.5652670250071008,-2.0671655091936167,1.0928539825869583,1.6049364213792732,1.8904751091970033,-0.8445636999238947,-0.366114986427705,1.1239993455743476,1.6281119519699598,-0.46208161301287914
22,1,0.7506219056342603,0,2.343399942100528,0.7256483861859951,-1.5337488597911297,1.874672481186938,-0.9884663676599724,0.664972963539483,-1.6695527736987286,2.968261238368587,-3.382034786200033,-2.7003837480023916
22,2,0.6806019556781119,0,-1.1948977620703787,-0.9191109150945013,1.375908541991931,0.3496012220562713,5.949019560285093,0.14038779547352429,2.6458397059768495,0.5554141619866634,0.69988012316363,-0.2570927074884378
22,3,0.6967598703127925,0,-1.4052340820071296,0.5457037686957854,-3.4358317458374152,6.097872029155836,-0.5177614752188083,-3.110014399337527,-1.8470393847885382,0.6275954393438079,-0.3820071024842344,-1.0442773706499024
23,1,0.5590245238752531,0,1.1697107883728899,0.3152869206858749,1.1237327013707992,-0.8196279243931156,-4.070841202719899,-3.1291196620548853,-0.9307776689592797,-1.3220499747735064,2.6824749930677205,-1.4245320787341265
23,2,0.9763030278998147,0,1.448353505856775,-2.6083636864630138,-1.374763494192431,1.6074569865898487,0.010296973670608016,-3.657161881018405,1.1833174584048425,0.5754539436589914,-0.12091009353383812,1.9513949145690654
23,3,0.41148886913002325,0,1.9402240078949373,1.3684259731725363,-0.7595172706543287,0.21425367537506881,0.8796352437056821,1.7644540311733596,-1.5491822399013395,0.9669629347409466,2.9632996618916247,1.0955477849884165
24,1,0.08858879478367038,0,2.084518403066861,2.7131722848652644,-0.19701621825704269,-1.627427261564549,-0.30566154080557634,0.9154216408542957,-2.3741960791498773,-2.9460647450297985,3.8966340904527126,-0.01819022190656376
24,2,0.5308747442752265,0,1.0963180704264315,1.1168955834305305,2.8091126307802594,-0.3149896174668686,-1.7295214111683084,0.31010392188854063,-0.16840056987167445,-0.8859903856045013,1.325421048843811,0.5106528535325537
24,3,0.6548973776220348,0,0.7688238634977715,0.11351038269966887,0.42871323756698365,0.4314042371692825,-0.9969186599478012,1.1389661671308258,-2.902206831448168,1.2520523727891864,1.966337089567446,-0.07169318574384641
25,1,0.03550326203524417,0,-3.246133449499519,0.7609154990864337,-1.0386330139370712,-1.0781502348216132,-0.9904863184249418,1.0069124240660172,-3.512861644761731,0.4163734161978486,-0.3515682295900895,-0.37375504932083814
25,2,0.7923191803496239,0,-2.346139474739386,-2.4196398477958487,0.148824991756367,0.5131650045803478,0.7624201169930025,1.4650161392193748,1.7814662092276066,-0.42814631597593994,2.676450692565366,-1.5765096379969687
25,3,0.2614789945749926,1,-1.4967407807118913,0.6485254693321374,0.33873843224436717,0.6148248333114735,0.3276359541899702,0.22101546703481828,1.7824662486511986,2.251438744077489,0.8489708211025999,1.449025350883671
25,4,0.9504972108044473,1,0.9981775699124252,-1.3031039699848737,3.2415837631738533,0.5809813293505628,-2.9200036672076717,0.6202948851022706,-0.21404328112546628,0.025337168639347728,2.1720003201927938,0.28914518847199117
26,1,0.48105225768654786,0,-1.4682509772617023,-0.2533390971655873,-1.4259791529962857,1.7350518732634204,1.3845759829208075,0.5074050299909962,0.10047459693973629,-1.3871513936355027,-0.15922319908073207,2.4084095182380345
26,2,0.6930424453661449,0,-0.6238870008905739,-1.8648605697586256,-1.5347328719129418,-0.4583593076777211,-1.2655346495574242,-0.23477129295046475,-1.251894026741054,-0.27319755645881827,-1.6777273752413036,-1.3238092355394073
26,3,0.07619312723712239,0,1.4322583744512551,3.5612469361292316,0.533086250100613,0.014948357591609477,2.988466460918687,-3.3483089491987736,-1.0185281818786618,-0.282418307698958,0.5636015189473271,-0.6564590765408543
26,4,0.6609576760126801,0,1.090190438768437,-0.2520859338123565,-0.7866212100826717,0.0953269241159051,0.9428120708201192,0.8094931326513276,0.8725987890265883,-1.8057988715247493,-2.865228132570606,-3.128713009420058
27,1,0.02809691041529258,0,-0.13611529593631533,4.775963955547613,4.506591842956305,-0.18252826211508025,1.9291774218072302,-1.3178010291437687,-0.2692826549048043,-0.8958634819119078,-0.8544846756051326,-2.6937936713420916
27,2,0.9874565120059073,0,2.447274381521845,-1.6890024568193394,-4.9599770910158965,5.500233618307489,-2.632918988851218,-0.09649090598693079,1.4553663373195287,0.9411846858195865,-0.25694590401539824,-1.2768966757514237
27,3,0.013307343551611436,0,-4.507859934602394,-1.255969133976495,0.4394606210465784,-6.3695680383621545,3.902553958956243,-1.9023105491775636,-4.039232418776841,-1.1325778663024713,2.875572364052534,2.121538398948316
27,4,0.9421921055411739,0,-1.8630395812164944,-2.9382429847624514,1.5392726257040428,1.1584896591481666,0.7247215267150561,2.871276709402456,0.21361065363078113,-1.2921047895939313,2.5497033612379774,0.5351561708709135
28,1,0.23019057734473702,0,2.6673281726975038,1.3927803355011426,-2.5358206348779575,-1.279276468144386,1.7647432092042425,-0.9263940460426576,3.4859893090422136,-1.3054158483590985,1.390825236427923,-2.533801915486146
28,2,0.2958927010493003,0,-2.316717810752427,0.41599630446335095,0.2013981736396975,1.4737580691340615,-0.5884923800951651,0.3370067120047116,1.489121600756953,1.8474144542827236,-0.3402989379169751,2.4090918816890268
28,3,0.21944124673571067,0,-0.6456413494855927,0.6160732893584019,-1.1292128343392156,-0.04063557431614967,2.0143519582102902,0.28433443234261024,3.1623064655795865,-3.3149393625406356,0.7231322613358218,1.1678594037799932
28,4,0.022498595060374865,0,1.5720043847478227,3.658959150399196,-1.961956969309646,-1.1853882022751818,1.0719174148790978,4.514421930749688,0.40092516178709875,-0.5824596503395013,-2.4858402214464275,-1.8266168432963625
29,1,0.9379692261251223,0,-2.7940947539237,-2.2805197098989076,2.080426772919523,3.009216641479567,2.375054024879712,-0.7375129582735821,-2.178365414089408,1.6175316348058966,2.9935492527894656,2.286033518468727
29,2,0.6438768878508029,0,2.4743054398222695,1.6255875240793989,1.5284860787276522,0.7938030799856415,-1.3826488869061977,2.5213664613330278,-0.7310923730829373,0.2878073679349757,1.1741602854950637,-0.16766966174185693
29,3,0.046030755872898364,0,-0.8683867600844349,2.689747477613521,0.27666098572862063,-0.11943320968430224,-1.1700411471642542,1.9581897303699087,1.0800156241349925,-0.5718130221343287,4.022053045921222,-0.43794422201152605
29,4,0.6226803856101626,0,-1.1308918272947486,-0.3498669434957311,-0.6250893689795354,1.901548003310023,-0.040983249479220815,3.168356582019628,1.61504772155764,-1.119688801753426,-0.337874232748054,-0.9886616061416602
30,1,0.9913378963756972,1,-1.4409529171420294,-5.577761636567124,1.590983484653458,-0.49556256481440764,0.9755241063582873,0.10916638971408846,-1.5684752394740096,-2.093356368945099,-1.5053298595302553,0.53633334688765
30,2,0.694708694889124,1,0.9622863248351506,2.5876421338683633,3.2215480727399997,3.8535734207646977,-0.5419726073381229,-0.5614949060494684,0.4764183741972748,0.515467754772912,-4.238798037434716,-1.8840656935138809
30,3,0.68170587997168,1,-1.516735792505108,-1.389840743855858,4.932284394909807,-2.1373476622937617,0.7744348929302284,-1.7527494953475824,1.4565562379548795,1.725866095150099,3.503403593981327,4.0197642947842755
30,4,0.5062138544501404,1,-0.9502482699872913,0.20005904458431148,1.4273547844495367,0.7058910552379152,0.17659554134816693,-3.0416419386309643,-2.2532254431119374,-1.6874204437404765,-1.2918329755199176,-1.5934072884486452
31,1,0.9111856283261921,0,0.3970265649789414,-0.2721401101014408,3.1309845767274553,2.0436623518762653,0.6475139999592616,-2.2411186932940184,1.8405181412129707,2.9438566823374472,2.1927261088981496,-0.4632548007731676
31,2,0.588728122380035,0,1.6854788575178599,-0.9880427928034201,1.034497928914346,-3.5714357570993487,0.7632591544309916,-0.7960490188010092,-1.9046423782009116,-0.12023639502660356,2.617520791523708,-2.336120078824716
31,3,0.12335872531642778,0,-0.9568229502043002,1.3986286225760467,-0.5448837631962017,0.08096214436950974,-1.389341022584215,1.450026037208762,0.5099743922218668,-1.7185391883333256,-0.3788759671333982,0.6453153342495418
31,4,0.9614717481933548,0,1.1558183677314007,-0.7662075471436379,2.6694739757683537,2.2849822911742095,-1.6429412629186873,-0.10258140652175811,1.5392551590248567,2.044177959451725,-1.0841300500381605,0.5552160185461374
32,1,0.6612149667741941,1,-0.18147202038261662,-2.4270602567934225,-2.289553070722201,-1.9017792012999608,0.27154149589475834,0.016296209850146456,2.4188732291609987,-0.1804403261916432,2.0031362425114416,-2.267447495477459
32,2,0.7517713754118126,1,1.9115483259713433,-0.16241104261792408,-1.3773593342623678,0.5932801415306357,3.995629283879023,-2.2078840599412835,0.05058410526139062,1.7745548343472028,-2.1679795544967875,-1.5841138110357937
32,3,0.4392130831552451,1,2.400085453947444,0.8936132382211209,-1.206619225530158,-0.7319966104935148,1.1536345705444961,-2.6093330434200954,-0.28763761147570777,1.0300192351364739,-2.2619933567483965,-1.1243020501697192
32,4,0.48593345326518755,1,0.049889263135423974,0.8620705459020881,1.3203546245215825,0.8038606744493446,3.347381478931753,0.2513584199496253,1.8678025194106462,-0.8304164732793919,-1.543156534681984,-1.0967154399746446
33,1,0.7320199267797814,1,2.6126467905703623,0.48582250944077887,-1.4959495837429717,0.9038934648635029,-0.9717807106436496,1.5499327295525689,-0.9231198057974327,2.478573257624068,-4.513772933663927,1.6074833088959841
33,2,0.9575941280145681,1,-0.2224770747964527,-4.607470886143056,-1.5030383765448248,-1.5654521425027084,-0.7895371149442285,-0.4003726644283302,0.9359471676713582,1.5191098216562486,-1.626605654692251,0.8740951388616486
33,3,0.2651677889613726,1,1.788528390026515,0.9857563437185367,-4.6012998597710615,0.3572865389732408,-2.397046364076543,0.8649032435893925,0.8276356283212175,-0.5596661296681437,-1.2310141813234703,0.9444882080722247
33,4,0.7837847982728309,1,-0.23998304423376965,-1.9270800319523498,2.2786505521102667,-2.1038170218136485,-2.9426641718234996,-3.723011370117363,-0.7359897604284807,-3.582295427590477,1.6817653218943744,-0.8389985432132191
34,1,0.9353152508370507,1,0.9820823313565481,-0.9342071469541267,3.833308083786028,0.43960668011169135,0.12577550968230627,0.5123021329512029,1.975368679520696,-4.088672200601468,0.4240716827303518,1.1781330519337117
34,2,0.09028273704056891,0,-0.33574802577805596,3.275033174681564,-0.39284599977731754,2.2376791680704136,-0.8806190626322536,-1.2443220294336468,0.7777046707336394,-2.878572827767587,0.26453742743047676,-2.0813713956377837
34,3,0.13662068680251974,0,-0.14328521313953144,1.4358558144673017,-4.254070717540376,1.5218692694372256,3.2910367570063714,3.177343338315951,1.878282428569567,2.950018350781313,-0.2400586204874864,-3.293682405286497
34,4,0.23637369961434762,0,-0.391667279707737,-1.1952724241650137,-4.771887475079025,-1.6775926873019993,-1.50644047751934,-1.4692315279041264,1.484850211234717,-1.0634223873668152,2.812711034096875,-1.4692952470446563
35,1,0.0028145543892423098,0,-1.18136476972377,4.146354468403953,-1.4204527893743943,-1.7326527327499963,4.336085530015097,-0.830507543361767,0.5538109916050276,3.282011707523906,2.1926602849838157,1.1945233528243193
35,2,0.5720150229257128,0,0.0660426369755198,-0.16211374918489854,-2.8105431215488212,1.7122960522575386,0.6528033662630526,3.2395517800586524,-3.269418301881036,0.4461019152408287,-2.9300859977635834,2.7974142651754
35,3,0.984731765100887,1,2.3523738370945226,-1.6619594378161764,-1.9019416937222784,3.6284436501352784,0.013890701212120672,2.9371925434905286,-1.2454909339816356,1.2977714841665564,-1.650008222287255,1.3248970782101002
35,4,0.5691791597926622,1,2.299396385584945,2.3876402106654817,-3.653875140740662,4.62564938198727,1.939658199141229,0.26532739068853534,-2.142703374354579,-2.399581816271701,-1.5399835469003584,0.1393560141652226
36,1,0.9882589424517774,1,2.8291161495243573,-2.5108899741131485,-2.215193911386222,2.1780363242128695,0.2394169966072067,-1.9739312104699254,-1.1907110454488032,0.5512863283804584,1.2544118838535712,0.8947866592126861
36,2,0.38407990266858805,0,0.4750736822071106,1.4383198625249138,0.8191311689928439,0.877570790785673,2.3691271547020163,-0.647119100374123,1.4268246015128463,1.79442403641458,-2.7765489080643353,2.053718147441964
36,3,0.2391582578760502,0,0.5587959496900885,0.44766676932041627,-1.1898158864368757,-1.4229155365937063,1.7921681114234058,-2.172071215259609,0.5430302317349223,1.5636882384542192,-1.6024609436195394,-0.32832164439566797
36,4,0.9669979839081664,1,-0.32894069119547037,-2.279051354392054,-2.063127617184428,3.86751975761932,0.46162963364994253,2.8154253654900363,0.22144145921556954,-1.8248760508344282,2.468873242497707,4.30460652189305
37,1,0.7251811223920844,1,0.34251852456460036,-0.10301946954601252,0.2608517928348069,1.239325753100504,0.24184408359530213,1.2600602883094754,-1.2698215761900202,3.794729182096934,-1.0575302477140887,1.449858345605175
37,2,0.8664689156541282,1,1.172670588416119,-0.574167266448789,3.0888198959193445,-0.29101544751849634,-0.8694887059364023,-0.8455305240922253,0.6525128286013303,-0.018090857380907287,1.5103941677309172,1.5588433111079025
37,3,0.455966157127012,0,0.4117707815973086,-0.5487249871728924,-1.6029171570320535,-0.9998232766740012,0.004531181343841559,0.9989792376139732,-1.7938218246517843,1.9849635724382964,-0.13120736271346545,-1.2405665183132435
37,4,0.7319559143676424,1,-0.3285950280310705,-0.882850535170659,2.035097989874359,-0.4180770604337141,-0.2455265451237459,-1.5955963945447298,-0.9647089467718654,2.8638463114328907,1.7115786578382175,2.3460992800699803
38,1,0.6041899138106123,0,0.4838728255459053,1.2311590342048622,1.241301515816861,2.0301488241151358,0.5249578121178675,-1.4819256363819557,2.5664688487713017,0.3324760513145856,-2.6811586258741666,-2.1748528409172314
38,2,0.008143343044450437,0,0.04965164952323755,6.002512582940748,-0.16715794575466067,1.9599714915987014,2.1943381621055407,0.5986115924205162,0.5316693918244967,-1.9140416414107526,2.248245016451379,-1.5069104754086613
38,3,0.8615713967524274,1,3.4582999181955936,-0.05162090563238779,-0.6356012842981469,0.16292046501115182,2.9698931275845313,-1.4623698187100218,0.1884818715773463,-0.37500332797382185,-0.3748241536358684,1.027943984904088
38,4,0.03980343945293257,0,-1.001868192427449,0.307095123043269,-1.5181088811246362,-3.9074329754057686,-1.6657775545439195,2.808485457413354,-0.3245582337374929,-3.978086168257743,0.8494106833183515,0.3596332423471907
39,1,0.9976807781679022,0,1.9773539102735107,-3.8793228197474665,0.7278350885772875,2.1744993187529085,1.2403024991047875,2.103528169844149,-4.5827727458059115,-0.47567308933328634,-0.522907552333739,-0.2996480069113569
39,2,0.5450260546350659,0,0.9828886133768514,-0.33741862079385254,-2.258876969447417,-0.13855155129161661,1.1529769650933936,0.4210919439101176,6.601544764337654,1.926222637046141,-1.6970948575755709,3.19832672785432
39,3,0.9716761977021664,0,3.9029343122839393,-0.5243140581145055,4.858093689762625,-0.7749820678769479,-0.6562751812591523,4.473423812257111,3.0654684203484925,-2.7969420393532998,1.8772689339302555,0.6564945574199598
39,4,0.025980327131672674,0,-1.932124825037237,3.1158545216232754,2.4944812296596606,-0.49074846702999086,3.909129864194111,-1.6113605382254061,-2.3906382939677076,-0.12047444448605749,0.9700482056442193,-0.19236475147209994
40,1,0.04177608301841875,0,-1.814696045224623,0.6021126734642358,-0.6130783410467775,-2.83749078309794,-1.6494726430605098,-0.11488464969844536,1.0625092343431248,3.745274228082352,1.5028560631453967,-1.4805177180031615
40,2,0.7380704485853262,0,0.6499810605260905,1.6357330083413508,2.1520769597828817,3.374056976956457,1.0377427988119445,-0.2950821424518589,3.1680045422736627,1.0441335856183012,0.441134442554863,0.7304770029310906
40,3,0.9382701209894412,0,1.1856329006908546,-1.078687546556019,-0.2998939083090875,2.267435712737463,1.3913036013217897,-0.9568051267749932,1.279500334622915,-0.6416453231794624,1.9478952200481494,-4.606953082633569
40,4,0.8323843163989305,1,0.30698246216872843,-0.8374809083058902,-1.357031161141322,1.9905087724767745,-1.8600170574634394,2.4149142176907614,2.056272087176308,0.06589048765463307,1.3593977902387877,2.9840805488510354
41,1,0.0731166657723659,0,-0.8099974383835499,1.8569290428391636,0.6385829007849798,-1.0010794451827558,-2.3710417670331974,3.5676168708421736,1.8885385625584998,0.6573689728734584,-1.9952282220399125,1.4374549735517925
41,2,0.0920491912450448,0,3.074775319391179,4.690950914696832,2.0563091825468347,0.008594315254167144,5.033442567100212,1.6217540937711143,-0.9171853854063037,2.129610431643444,0.5409931018487866,0.8567544420693095
41,3,0.3403554797159671,0,-0.058990331812780676,2.722405226357156,1.926044691365514,2.933163405032313,-1.7833594595322768,-0.3991141109820678,5.111759903553792,3.8178334421663243,-2.8100772361734276,-3.233538293834669
41,4,0.024404180819350065,0,-2.9088262232821616,0.34261479997028776,-2.639108153297926,-2.1824113486586545,-3.3353799504697923,0.45331696489980533,-0.370907102336546,-1.1335711512049904,0.19942260570125178,-1.6102797202884662
42,1,0.9084040224988389,1,0.465954828432804,-1.3074538026075497,1.519715353323256,0.7592953763291242,-1.413393099431389,-1.1105060317426163,-0.15784677315226217,-1.6010446071556035,-1.9911272735255625,-1.013685944575796
42,2,0.48947887853971633,0,0.8211494972565544,1.027780707172254,2.8613201706124896,-0.5474774080437161,-1.691812691094242,3.975508685850476,-1.9438126486805478,3.8008846579394326,-0.3903101141828567,-1.1745516538221668
42,3,0.38376810369235254,1,-1.0326758229919906,0.3288685838417779,-2.3826755360029246,2.0862529302831643,-0.2518506879714614,-1.404198422958082,1.7707644685678097,1.36899967240339,2.819981435445658,2.5569766530117266
42,4,0.9188467505834916,1,2.0964729595331497,-1.7264921735972822,2.3615466905856524,-1.9975855985992539,0.9738101895438378,-0.8257925573883299,-0.548675292178733,2.9459833904016324,2.171737371323381,0.07552905886766306
43,1,0.9432968256757677,0,-4.585484998302455,-3.4605493043782927,1.6514529451738562,3.0969015717033352,-0.1444944897683458,-0.729056585112755,-3.3228142020240035,-4.673118771887016,-0.6129256594139956,-1.3718980161511034
43,2,0.0186042251815239,0,-0.07725344322201183,3.514372664929649,-1.8239608263152096,-0.13013141720869162,0.9581471644562815,2.020904411432138,2.3483016426947367,-1.257631852241254,-0.057111533612743695,0.207133400497633
43,3,0.8944079366218698,0,2.5546627477742807,-0.5448836696214706,-1.4715249704049862,1.2375529767323181,-1.8626646715029478,2.033357626673548,-1.6690641332944123,2.5725583975374104,-0.07563292027164392,-1.85339344429186
43,4,0.13917014271593775,0,-0.235018081226371,2.0070408843762055,-1.1067348064476656,1.0655297349992547,1.780934933156985,-0.19320245196283017,-1.8799299907093483,-0.16932328906822144,-1.0671754168607732,1.15611028232095
44,1,0.12886365702032612,0,-1.0683257029374593,0.6507295391028258,3.31491512190416,-3.2136524993475826,-1.8315993007053026,2.4220167753043493,-0.31022261428906006,-2.284997503799435,0.6001377200617426,3.361911170705845
44,2,0.1262537918067332,0,0.026255716091806908,2.5507396538890283,0.07218948566174406,0.9387088257948979,-3.25720383549795,0.07770578410369901,-2.08361151919395,2.319331642109607,-1.3483198524777413,-1.556310815930257
44,3,0.5945482045848339,0,1.9145860254801075,-0.08798013857333568,-1.3347446287729394,-0.7879046555277802,-2.8057049027576526,-0.6918247566923882,-1.2361933230110975,-1.3097890020317946,1.0346418757201437,0.6324573523087373
44,4,0.06774225423801936,0,-1.5009478018068552,1.3843236383354451,-1.930881463902276,0.08616641311611685,2.4492579144250275,-0.19574069653044754,0.9195080926621065,-0.03676211891290843,-2.6954131388659786,-3.7302549273728376
45,1,0.8610598035886742,0,-1.0093805746220617,-0.04649062692235596,0.38800043390048344,4.463412576745256,-0.8543095013848014,-1.960542421908832,2.1393697820391946,-1.8391795332418917,0.13237708314135913,-1.046092548779545
45,2,0.9705170026562111,0,0.5383273697999937,-4.151639206334544,-1.6406893476466566,-0.6813153923013281,-0.04850565164822159,2.301179983939066,0.958859514736206,0.6440014648589973,0.5325582866849969,1.2175133605499169
45,3,0.5826799985801824,0,2.3232894203118333,2.0120644441971414,-1.254326231145931,2.676247546455777,-1.7359184058770445,-1.0131088391828316,3.5730582921302543,1.3736646600532094,1.8249643016100598,-0.6861403716311514
45,4,0.8421094629100231,0,0.8414535486389166,0.41775238575160006,1.6281760613029077,2.3653350360309893,-1.8753744547914815,-0.18525233737238725,-0.18298417591232818,-2.037217583772282,0.38713657837097276,1.468971755814602
46,1,0.4038062529435367,0,-3.2617945353929003,-1.0029391831894137,6.611047372829826,-2.7344076624414337,-4.217531381429588,-2.2045048311535207,0.8750518443261417,0.771371665818195,-1.0069049109218051,-1.5282446153233629
46,2,0.6013560552163785,0,-0.03309723844723739,0.912306495574619,2.9381441664054426,1.053129483812137,1.9692987432468485,1.2702270034517267,-1.12790321069469,1.2200989969863478,0.18314710856638572,1.5991254141218314
46,3,0.0039792294302499745,0,-3.516199234723721,3.5782706179928936,-2.5048312593416933,0.9662828675528414,-1.27800345308012,-2.0194533678160167,-1.6394965208073984,0.21748872155145718,1.0655150941874623,-0.67651535578658
46,4,0.8099750284681422,1,2.1720727462748135,-0.3613052549614893,0.4520859063325863,-0.3690607990262199,4.123124962413069,1.2820271486002455,2.2952974932884254,-0.6838598663600313,-2.9594939462044643,-1.476112090903183
47,1,0.0012960700397522697,0,-3.426758472552005,4.517080793764681,-0.307223404513323,-0.7626860368510783,-1.212820806888555,1.855629288425216,-0.9181775202682071,2.038962647295998,0.012827510962229947,0.8433659505759767
47,2,0.312722546919574,0,-1.6737831727124448,0.4866782947638052,2.503432064083228,-0.16538546487691969,-0.1540313999653037,1.140643244878902,1.4613872909364347,-1.5245509625083629,2.20105422800354,-3.9312702252025185
47,3,0.16527412072331063,0,-4.6968419471242715,0.3972170191231922,0.721950967900565,2.2503587260645035,0.9502924721560716,-1.8123100250233484,-1.7670653848201636,-4.137641175907879,0.9689769787563856,0.5462144423521573
47,4,0.976310696355128,1,2.333438653354144,-1.75949867406757,0.4633664602766402,1.2847030458720199,-0.9812693687051355,0.38128381083137924,-0.5081194548544912,1.841177777382419,1.176698946070591,0.347573088008563
48,1,0.27869716499094016,0,-3.017197352232483,0.48499064736171077,3.8944403583324125,0.2047600087331841,-2.7876518039799283,2.5170989512990514,1.696931873017332,1.0209935680254074,2.011126590810718,2.5546716578787
48,2,0.3509211335356328,0,-3.3635899735765875,-1.3861399959332925,0.8872845759012794,-0.7315761372431635,-2.8433652200376605,-0.8664163152120745,0.682322239443612,0.7205387793442928,3.249451200275354,1.6644872234922838
48,3,0.8618689296221757,0,-0.834020606202779,-0.3457976739155063,-0.7603454458108783,4.34066241996335,1.567726983000732,-0.1504938944050581,2.1138677323096204,-0.4404422567781824,-1.6936246863021958,-1.8389186069277499
48,4,0.09191207585867725,0,-1.1882548632504883,0.20601884872450918,-1.2276564131759549,-2.2560066254450577,-0.8406859497291795,-1.1876084271105078,2.7180226016141247,1.8542950983650037,-2.187237096621761,1.079961356910545
49,1,0.17201215135420586,0,2.1499046886272764,3.5027573999421806,-0.09791300327199232,1.2912413302903414,-0.9909646294583057,0.46276804466406446,4.0586574501419115,0.13702373280219363,0.41709502630824546,0.5156640860893018
49,2,0.754309096809669,0,0.036070827628038066,-2.1957245843275075,-4.725853223599039,0.5303641459899552,1.0544077494582258,-1.763310833854572,-4.785429613894751,1.6364528398512088,-0.6439210943598607,2.6704188476492994
49,3,0.15610077751268053,0,-1.9880237890539236,0.7969094942897638,-1.584287596927276,1.151518137379104,-1.8611240251628918,-0.3657246533768706,-1.6120924811292061,0.7967603094452532,-1.335457410047306,0.2615380775546368
49,4,0.008926811008212614,0,-1.868129558290299,2.2687977024716655,-0.1601394780419535,-2.971298931243145,0.008388232991779496,1.2413716005323676,0.9988824890710756,0.24309383830878903,-2.1960539338365446,0.43201076602462685
50,1,0.6967262222051257,0,2.2638519817577287,0.010341694582238973,0.2651209682006125,-0.9192347072634933,0.07972743398223292,-1.0650648985951414,-0.10585324029731094,-0.49344017694605274,1.5395332098764813,1.3220750134265198
50,2,0.1853609008759708,0,2.9671419393165275,1.7985123908692318,-4.3350445258785495,-0.4132598249458109,0.7647953061110306,2.1039865487646483,-0.33744083049589285,3.576808224161705,-5.688336160420811,2.1877886613612523
50,3,0.0712533481070669,0,-2.918534692274651,0.5067352468964419,0.8896523685553954,-1.4708136488049581,1.3682792545164715,-0.2889330344872576,-1.0926840707595293,0.9901144015019883,-2.7007390299028637,1.1720261981210007
50,4,0.6829949330942741,0,-0.398036657084361,-1.1611484064560353,-0.871286074004573,0.2219281379253516,2.3231559669806314,2.3883739314639274,0.8121067483378644,0.7909742084454633,-2.6093460127327934,3.3342993473339906
50,5,0.003901355348093044,0,-2.5731095445803907,1.8465671265313306,0.32490212953146935,-4.933742551069949,2.7113412805805264,-2.9319572231529056,0.49758319766214276,1.0390694520495192,1.7432141982701348,-0.6260853590427993
51,1,0.999448969933977,0,1.5855715544289009,-4.662361286343013,2.360963129174732,3.097319135518454,-0.5328696049682973,1.1928796891304085,0.3635548598225247,-1.9767255364944978,-0.5559437525265913,-1.30997503914612
51,2,0.1384400197967404,0,-1.051943681550249,2.318105277061238,-0.9665605788691052,2.4641887749747458,1.1473001569006245,0.4738706025211302,-1.0971512044300251,1.6012238026344443,-4.0634901544534765,-1.7104552304203333
51,3,0.6513505700678052,0,-1.653623360463632,-2.4491188702199613,3.9750200715207535,-3.8019825611142735,-1.4138496379590113,1.4606612318284173,-1.0873897197491151,0.02712602753328341,-1.577352821780347,1.0051004782637505
51,4,0.6768926099211469,0,-0.5616529430402037,-0.5809752406895716,-2.8914616700858393,2.5227097503222042,-1.6741590460283682,2.183373029079383,-3.546116175202623,0.8581697140126909,-3.0328125664921015,0.25142200065852766
51,5,0.11531934675690482,0,-5.710134354889148,-1.647461498926798,-0.7666781577619732,-0.6338231645044645,-0.7613573644075359,3.646882570861244,1.927580805404779,0.9031421464088221,-0.3123143557463325,1.2821527057574496
52,1,0.12896555354533262,0,-0.048030996599789474,0.3993253980567002,-0.7716200434379324,-2.5999446593466047,0.4409876950757792,2.4789115564815325,-0.41971924030428553,-3.684340175763711,1.1871115224709299,-0.989020751601413
52,2,0.9240086008521154,0,2.5976371428975176,-1.2276605648081733,0.2292318002189578,-0.29526765289266105,0.8497006557150887,1.6928938428364775,1.5139148086594318,-1.7291198353541763,1.2854720469635224,-1.012047113422966
52,3,0.040225872827883764,0,0.7847302112696364,3.7951748648816457,-0.9729803727989015,0.5947752741050275,-1.2575934041677,-0.5618961592166533,1.2404881472889588,-0.841973226893533,-2.3286271087851156,1.2747029274229722
52,4,0.38399061064686585,0,1.3342088156891894,0.3143751897999428,0.3675839246250783,-1.9901998952218158,1.0812088494483287,0.7677258544673526,0.016313665892413138,0.5049891128008044,2.2708167332463907,0.485103202445836
52,5,0.5659407157730313,0,-1.4718291335557807,-0.8623267927801972,-4.198363791421308,2.739897171874853,1.252420253298822,2.271053486602028,-0.6523412251505717,0.014365601661541622,1.5984694518147426,-0.36345854079749107
53,1,0.07911059069618677,0,0.20943724442292821,1.4057643337338686,2.237549406814405,-3.6787379618347744,-3.9372926127521657,2.788076884963392,-4.111894223270222,-0.8913968925541164,1.3494660480679912,-2.2223784843830727
53,2,0.7474534514748035,0,1.168428487801557,-1.0713473299686007,-0.5445699325060678,-0.8366754350501155,4.670337924271387,-0.7236860481903912,-5.369409741576287,1.136420248937606,-2.66040340199612,3.658990560116465
53,3,0.22000708837070504,0,2.4718672455584274,1.3861502648159403,0.027778929173419918,-2.57337814466353,1.7531713054693514,1.7111148593468601,-0.32606857457991767,-4.4034959827638165,-0.25594197333921054,0.7263866446044214
53,4,0.8208041113260293,0,-0.6305623443059253,-0.7224044343177006,0.26289620164775523,2.224562487761528,1.9017373104419024,0.13789300035864913,0.71057816887746,0.33756713055785875,1.9536571837833683,-2.2031201644559397
53,5,0.005761673967414155,0,-3.4169524030119627,1.5591575377340405,-3.7868103459896028,-1.583033819778002,0.7341195550076078,0.1291148484574419,0.38323906833526844,-0.6025380187107499,0.6262409880374122,-2.2204072415221794
54,1,0.7550942467929883,0,0.7466649183609326,0.6388342680383474,-0.8310278977714477,3.1160810571695685,-1.5615507227330903,-1.290504022950956,-2.2718292950578682,-1.6206364092455183,0.35148191692326985,-1.9111941591979418
54,2,0.9752073769150273,0,-4.989557993220162,-5.188963994571843,0.8050875758871973,2.3751283048220335,-3.0017145137746626,-2.5871247810840963,2.3338082557970066,2.6159218901597145,-0.48481022264844703,1.9331714110003817
54,3,0.45380210861998116,0,-1.8207852536686193,0.5092288835286605,-0.8513355490196065,3.0636271933690162,2.0491365506603665,-2.6037203601268453,0.18923581232860132,4.65093387242766,1.533383235923024,1.5626476615202611
54,4,0.0565825706894812,0,1.9209487153319729,3.1033197060727895,-0.08130523470934319,-1.7177536569125011,1.7327432806885956,1.3217015578114317,1.6203450407050142,-0.6114620403937561,-3.782955305166743,-2.497323892023967
54,5,0.5611532996831909,0,-0.6382487558221397,-0.889676969020731,0.5296854592374103,-0.7997370311436796,1.405067607812085,3.2957998588570963,0.3310977217952885,-0.0468742662304363,1.0276205887056884,2.4778390131346213
55,1,0.5669637392640126,1,-0.09565196769793666,0.12384199361162739,-1.7035924882805888,1.7902840935361277,-1.5357288775785418,-1.6783585565890875,-2.905723186973914,-4.4891563471332265,-1.5179725256408385,0.802152517208652
55,2,0.5207477272038685,0,-2.3317204200134833,-0.3746797075988372,0.4378101482735102,1.7796630623917746,4.4882972751747845,-0.5177465898938903,3.219424204485624,-3.584218113948201,1.6896213298311475,3.9681305011095547
55,3,0.9704549061307672,1,0.9742295996168893,-2.1453008934771765,0.3713600528391125,1.6164499208506327,-1.1072514452753495,-0.3642073442246632,-1.8999592274750814,0.4828777218920007,0.5533297656579442,-1.197640974329738
55,4,0.1607127912977047,0,1.4038304537196198,1.3857475905661316,-0.09375272876335573,-2.1477169868123616,-2.4459743115714025,2.5246453515980525,-1.0911269961752437,0.48394733508838855,-1.2702396811683596,-3.417063125516
55,5,0.4352261294043224,1,-1.683095353236318,-1.1877591913958843,-1.0032620796283793,-0.4467105289707736,-1.5907115457184327,-0.7145839891451935,1.8777345317768919,-0.30751841190674906,0.5126304099629453,-2.8536437979397493
56,1,0.9962769397966486,1,0.6535423510231079,-2.2667954348045054,2.3770784376567393,4.863108136746398,-2.2842152374244145,-0.8473739162961741,0.6409224462105838,-1.4305345937406972,-0.34205161260512906,0.9475731770022338
56,2,0.5064772199400841,0,-1.0923914716929282,-1.8079459094035155,-0.653573652041743,-1.8823255542425592,0.9592579016357513,0.3154636050365884,-2.1969726628401878,0.1347483340231737,-0.04508496635549024,-0.5820245055489087
56,3,0.8557461714263777,1,-4.179217981672889,-3.8255189012240836,2.789028633374156,-0.7219049565898877,1.607973299232523,3.733357239982359,1.8826920529027993,0.23301248556553109,2.9264342532526766,-0.36576425261389617
56,4,0.9459130763533324,1,0.370406135821026,-1.8462128412065686,1.108107252879813,1.2013807081536791,1.0170106576500806,-3.910819236623772,-1.6971192822014358,1.532651696739743,-2.365307580421517,-2.9543273816990046
56,5,0.8176677502106088,1,-0.3879259961564115,-2.8260452136771725,0.42737105758838,-2.2350092010098224,-0.10047316028342902,2.379771898200264,1.7060587659547128,0.46597151163791073,0.49655897162160273,-1.4098690735770125
57,1,0.012364391440561671,0,1.573975690464341,4.6891725765066,-2.889773669056737,0.04492018871253275,-3.3590283054520707,3.393294535522929,-0.8464915651677706,-1.363192014518078,2.237456953292132,0.016757264925285884
57,2,0.04343168494517427,0,1.113291636256361,3.5591954978559266,0.76782104128146,-0.9720558878275616,2.1230111221724397,1.4486913525811533,-0.26164147014087547,-4.9687545818104795,-1.9482844035779427,-0.9084792597821775
57,3,0.3058226301508792,0,2.801361035554247,1.0682545151755176,-4.571824643223485,-0.18811552020617892,0.09988261789975766,-0.8330696969961304,1.4556573240428974,0.7148209436583117,0.3032796092733011,-3.790417855628163
57,4,0.4810736729463167,0,4.197458796114127,-0.10911933761647995,-2.8505287481390913,-3.4107831936320547,-0.3757820601123377,-1.1067186706068903,3.7069765092049525,-1.230198539601831,-3.1504238527935917,-0.06896877181716358
57,5,0.2005874885515773,0,0.7275689331432038,2.155744721366561,-0.4575624780348723,0.8358585417156462,1.6033255479035669,-0.31141934896476625,-1.6741213723918809,-0.1268235826341944,0.33957206093014786,0.07014790050785256
58,1,0.8387089379695215,1,1.6499676674911563,-1.3864924152069182,0.8345400026346287,-1.609672971399265,-0.7639648508651318,2.7778720652151296,3.077192454454125,0.2337440836869421,2.0862095047163973,0.057272424163264654
58,2,0.08743967662121852,0,-3.923312350525186,-0.404807592207171,-0.23916925445824327,-1.0944071554002595,-1.3912750421574034,-2.2776376765429953,-0.638345840684985,-2.2159269876278493,1.5522377236763252,0.3184405938958335
58,3,0.07403108373500009,0,1.5340497803303266,2.9565023044033207,0.19074222103333818,-1.147582574018684,1.6534454713752231,0.8178027125177031,-0.39427287043715414,2.5587881752910517,2.038101873981351,1.9088072743184343
58,4,0.93908176642043,1,-2.4320002340535845,-2.6686618228170293,-1.2709464799883166,3.697920768509634,1.0793045366801248,0.9970069639902207,-3.3809192437822424,-0.8461469284495131,-1.131188401200742,-1.2712171201582048
58,5,0.09543829562712455,0,-3.1502985641630588,-0.6357219758976275,-0.44825751662912783,-2.061837729443639,1.011882265273844,1.211853974975608,0.5109003107365849,0.8175628836386262,2.5899191638906562,-3.7076358877664104
59,1,0.5088191022391447,0,-1.7979848739760362,-0.49801965873424436,-0.3031983925893817,1.2563954612445423,3.535623815436015,-2.8204524980246335,-1.973078190844741,1.4139930148384616,2.851402366106317,-1.7220153422602436
59,2,0.4642731165649671,0,0.03290477878990422,0.9616829561486274,1.6094097019084141,0.6796328756802638,2.551175943626426,2.049124722860918,0.10806144530733693,1.566594701069656,-0.2901643272402606,-0.04850193404512281
59,3,0.2835253624551616,0,1.7047568725079931,-0.5839121469551966,-1.1123885808238758,-4.228453557474963,3.4633177190249897,1.101373730679768,1.1973568491215831,2.606296211950697,1.661699341502561,-0.8169491404938344
59,4,0.43572031185038523,0,-1.1441605949353102,0.10000790608644024,-0.3412791295854753,1.113516496125682,1.5724381919055128,-0.31839658042194735,-1.7652832020643825,2.1819690514068113,-2.7273768917703944,1.5845087890293053
59,5,0.31172601913948406,0,-5.328646025194717,-1.4078543552528477,1.7679581614879938,0.5420553385329028,-2.598204436616277,1.350742519212696,0.5458977820219986,-1.0763916236538593,-0.5987743599427382,2.458614572220908
60,1,0.019825644136065745,0,0.02438561508621232,3.685262099722452,-1.2031583387768268,-0.11710041734714026,0.6053114375344327,1.2214753053516163,-1.826767078339423,-1.7395488187095094,0.3724615734888411,-0.5576869430635675
60,2,0.8898974143990129,1,3.3191183576981778,1.0009794065627833,1.9892528060547818,1.4376596459440958,-0.3104548715073178,0.7669050326157325,0.4396556826182641,2.398689971764665,1.8406351903094145,-0.7636747458497992
60,3,0.003931204360836449,0,-1.8224727543750603,2.4809134110634643,-4.154393646001177,-2.1206098732548706,0.7665861028605965,1.13615527507307,-3.3429534210171705,1.9258855756325282,2.2857626945305247,-3.101049938717538
60,4,0.7276495368447495,0,-2.609838520089648,-0.9293241850127123,1.0432694402499634,2.4596294205462277,-1.804907404330817,-0.2974401109528529,-2.316840414836938,-3.8224215196124565,1.7931153765859644,-0.5841138118643606
60,5,0.9685799506303376,1,-1.058177973778189,-2.720964214388545,0.9110220642169601,2.3097881729105163,-0.5628914190341229,-5.938872936289301,0.42273078168530814,-0.721298987352166,1.0488946822744172,-2.5880750703644813
61,1,0.38609838274105257,0,1.5549411832651068,1.2386045768893204,-3.579317289509739,1.6634377988462268,-2.9066602779882253,2.304390325864383,0.6582222490136328,1.73665384780102,2.057592969341496,1.8222498823401796
61,2,0.015255816623901042,0,-0.4108961416672308,1.764022693741571,-2.0258020518090145,-3.435168903524893,0.933197092413761,-1.1478582662150143,0.5207753322202422,-0.12539609098048096,-1.0918729105799636,-0.014661583551573387
61,3,0.5219110286695438,0,0.41975441319672946,0.24218585838593434,0.14024854183886507,0.12498241314514738,2.552516223794149,2.077911709331382,0.0018186356578426353,-0.7660563790719467,0.36924907664549017,2.1349510629090545
61,4,0.9927798202900558,0,0.5675789915460985,-3.160698472267393,2.43206357134711,1.8722480478546701,-1.4711887606356961,-0.6733395750414521,2.441126182542643,-3.484844882637954,-1.0753533603529428,0.47270497156527014
61,5,0.18201962744983116,0,0.3307701596165665,-0.6273397450815178,3.413792566573117,-6.422568241970986,0.030454100806732304,0.3999188177948595,0.9520555721514605,-0.5260976912650114,-0.7448577034346759,-2.7848111579377064
62,1,0.029217521061159917,0,-2.4073336185237832,0.9548390961758243,-2.8397856687849266,-1.0376242355397867,2.147082599238918,1.291740100487135,0.25417156341323965,3.322316942199612,0.18771934495192788,-0.3353378120860028
62,2,0.13560989607380983,0,0.9222490784382837,1.0208651394177934,-3.5801731605215714,-0.8149698944925089,3.916307766691197,1.308099654869999,3.0093827669181135,-2.273920663475642,1.6120628974433526,2.187788496300534
62,3,0.14787423269469985,0,1.205901447458183,3.3402566743042423,1.435855661585396,0.8335816744040855,0.9098445995977266,-1.1395853594595522,-1.872249263800909,-3.8965351028768205,1.36770258913629,3.2776255214090377
62,4,0.44133416652906704,0,-2.4521327229539716,-0.14947740413187108,1.600546708477792,1.0495640699338609,-0.5070587829724753,-0.39225583503792094,1.9162176838017244,0.7816544938157585,-0.4548198072742867,0.3619941542443616
62,5,0.5220986159136969,0,-0.8797497778957937,0.4568940789152228,-0.07502349088808596,2.0541148862342036,-0.5632426900627642,2.0109917107539075,3.293741580182052,1.9319275035542787,1.4974921682920017,2.2556785676871236
63,1,0.7718393159862031,1,-2.111183946912667,-0.9994346031465559,1.3131483541386924,2.1229789300925646,0.34262319669082614,0.6543622474341273,-2.9783670056469287,-0.3557610866808763,3.333819709721903,2.851100960170113
63,2,0.907577759476253,1,0.059073813875496116,-1.346466034600034,2.5230456405697463,0.5784441246420812,0.15613533607346672,-0.218125234570039,0.12445560389701617,-0.23267254645924187,0.7603674856619528,2.460141568450992
63,3,0.8302924122876859,1,-2.1262308196998063,-3.5003662562527826,-0.11588689161037438,-1.1660544463154114,0.8010177278291419,-2.3586735820713867,-1.0781213560942198,-2.868654085630484,-1.2339312021409614,1.9301748622977353
63,4,0.16679786003136374,0,-0.12327938174360563,1.4633358768431175,-3.2164775552000386,1.4595018740445367,1.8425376663030169,-0.27946113803847505,0.5168385714192975,0.09382259688007477,-0.27383764106335357,1.1358780446256735
63,5,0.360392850246814,0,2.888990588576128,1.1551553377344714,-1.8102873950560951,-1.1016229461749334,0.6944437910552129,-2.5731393609061386,-3.527259243506198,-0.5294524797258107,0.05220703124515866,0.21883693093188736
64,1,0.49033401169414675,1,-1.0363880276750568,0.32729210749246174,0.07463822952815695,1.666439842627345,3.9375978072225934,0.8477628267761286,-0.9431660941387366,-3.834153931799581,1.6836467550237793,-2.205487041946623
64,2,0.9870641258172451,1,0.22004955044865532,-3.6151621041494795,1.7929658229101606,0.541299683732394,-0.5343303533661756,2.6753658284018558,-3.2899240816965287,0.08959255591825174,0.2405242659999323,-4.8059123448624534
64,3,0.308228408590346,1,1.3752517670484574,1.8000057805068637,-2.4058638280108657,1.6462977645772625,1.8473845588546667,-1.5009235162682668,-2.075610707051544,0.6081523995495811,1.0507885157929873,-0.9822138139501649
64,4,0.10835902431297928,1,1.8553809169852498,1.6889968830959838,-3.1409366284587,-1.3252147348292072,-1.1639446554529271,1.7456630803069724,-1.5664359584087448,0.38149171779575464,-1.0461830011824866,0.20689437574205444
64,5,0.12654380984257876,0,-2.47361576121967,0.9290818703340055,-1.4600001905345037,1.3883800423738584,-0.10790230453594633,-0.33312102883219624,-2.2361313189620304,-1.2767842075140488,1.0872063852052916,-2.0121871117591796
65,1,0.08439208040661142,0,-4.512020316360588,-0.6710888434802967,-0.7769176926019755,-0.7331532193554801,2.160806057599388,-4.157561772768576,0.8536433509592004,-2.3035238878723177,-3.145005108306982,-2.6419748180043445
65,2,0.5555026931701605,1,1.3965813496792074,1.147782498123124,-1.6450470074821952,2.0359315813821475,2.7288556376630115,1.9114913653833718,2.2731430295851793,1.746993653000578,-2.59231598899653,-1.4000328612194604
65,3,0.680165306173922,0,-1.8849351334084388,-1.8499234869091725,4.105395918576021,-2.1786602766701364,3.0170388852791796,-1.2903454394922065,-0.9056073216363787,0.4595870191226663,2.235656200925604,4.8269321684137605
65,4,0.03856445774776821,0,-3.16943841877388,1.37757962201893,-0.9826323897628546,0.15983860816594825,-2.4426252635183285,2.867526147840934,-0.06697651990612082,-1.2658780028887788,-1.1783450581210109,2.131771471569369
65,5,0.9405804977645715,0,0.2267388054057754,-2.614778253353155,2.3317964954978008,-0.9965099519682239,-1.7321851760965743,4.128910775463906,-0.34632316337535357,-0.9665081244147028,-1.8387290182113132,2.7050287674974256
66,1,0.06290543287455434,0,2.6170989536771403,3.3081618789239946,0.1648267546543213,-2.005645564250517,-1.1821423137210012,1.7375137694871714,-1.6878094711560871,-1.309876982476588,0.5162885870654575,-0.515244997030447
66,2,0.9209000131467813,0,1.972039863285649,-1.8894173908817997,1.1358504292815048,-1.4782164765974684,-1.8394305172876115,2.1486895323937567,1.8601711885329686,-1.515292100084745,2.2326881761583315,3.0440988239560234
66,3,0.5571532515439183,0,0.2318821475322873,-0.16415393756318367,1.4248972776120123,-0.8816525877593413,-1.4380544242932851,2.5003270474596775,3.5960251969071324,-2.7252458256376917,-1.135608308749446,-1.5192374229221763
66,4,0.9959325269386342,0,4.271379981336839,-2.747494816663491,-0.5100416941168782,1.394060209147072,2.6776727978015065,0.3925496341814837,1.8230107257563282,2.3118099053395027,-0.8369180440973779,1.97381104433092
66,5,0.09064594497853241,0,-0.4550612604996128,1.6916749058364724,-1.7241670539888667,0.036263056488228494,-1.823358582065303,-0.09418449977919727,1.1367040518041134,-0.2203841934847262,1.9281388593005546,0.9200136047027716
67,1,0.3411006506593091,0,1.7090508694694984,0.6499077400952306,-4.673557254570324,0.5466761291419836,-4.800557976701251,0.9807736597642717,-1.0529228062932283,-2.4357257144112716,-3.441266479431447,-1.8865705507993356
67,2,0.06414442061214495,0,-0.8752987496793673,1.5000807322268792,-0.5103572926069248,-1.2550205051255325,2.211884075264678,1.2101905282835341,-2.414836784529077,4.128578997303171,0.35838782022957233,-1.5600269951953387
67,3,0.11605178789986959,0,-1.125258047384861,1.4039895218799794,1.8326191390697706,-1.1304951315586127,0.449250710845884,2.482857210879564,0.92406617405504,-0.5548114415191918,1.4168757776469116,-0.25663441415960586
67,4,0.1384125507512037,0,0.5885270297150861,1.4036703178084853,-3.029681618842674,0.020192656843110477,0.9073062236809298,3.0842614071882903,1.3659622055190204,2.450662181824528,2.448150440001863,-0.8355012550307634
67,5,0.985337896647252,1,-1.7204969779855304,-2.1612166587836956,6.00747088627004,2.9420442767287738,-0.017942890661490265,1.2914865837208107,1.301621212516416,-0.17304298715592842,-0.43907110031124363,-2.4650632332831424
68,1,0.0822899917487689,0,0.1132255805875036,-0.7864720700444617,-7.078975146740401,-2.6901511437655152,-1.3134486755641472,1.633483351511829,-0.5797375428890518,-0.020847589920227727,1.498501858114119,2.611814419509234
68,2,0.9037167933376613,1,0.4949414077865119,-2.50785508391811,1.4401008617858877,-1.6552511865578912,-1.878486964420478,-3.1503303458789476,-0.3043519883888356,-1.0251387996023056,-1.4266206601527285,3.830181798590827
68,3,0.9621079031895198,1,4.286143601053768,-2.486190579236812,-5.199443557121093,-0.16212227776781815,1.3369821892979277,-2.669299150082245,-1.3066541608680369,0.9574726110001259,0.10882947047225658,0.9983226197628893
68,4,0.9683428087679097,1,2.295049695883277,-2.980428364675545,-2.5077552022033163,-0.011082782247562577,1.8981616716948426,2.8299894030759054,-1.6783305581000103,0.33417110607498923,-3.217225813757195,1.4543724913302225
68,5,0.5760410727524176,1,-0.9475086944687751,-0.8343178436679232,-0.3369784621749668,0.20573178721361168,-2.916547567037584,1.6780359588788623,3.7218628800253026,1.8191027500339798,2.6610368875681156,2.2588754185673174
69,1,0.3190682003295073,0,3.8293588068305016,3.7909891204298454,3.1377957817359157,-0.07850373592073685,0.681467215246539,0.137504104090596,-2.233369721729602,1.5846995484140793,-0.7089810983698963,2.2401034160078623
69,2,0.2905035507734624,0,0.9171602332239216,1.6757706120951046,-0.39143156903009735,0.642278600883558,-0.2064163306991162,-1.0930146891754178,-3.878652534438931,-1.3188171955281451,1.7745698688664278,0.0986971437793348
69,3,0.22333005460973934,0,-1.8003373521871433,0.4992450215453011,2.617563657073108,-0.9984571355865628,-2.100334010744562,-0.5990988141244694,-0.019101212656011234,-0.04589084416001314,0.8023473930912326,0.4188020524634297
69,4,0.9985789828042947,1,-0.5521687468570368,-6.035535637462977,-2.576031806793937,3.525325860753746,-1.3018084444400926,-4.021220351547397,-0.8556570381039124,1.1222164013730214,0.7073738765232138,0.607269222229975
69,5,0.3215686180648276,1,-0.7152413002514212,-0.19094305431328257,-1.1388038759492578,-0.47662434887399335,-0.03319815945116309,0.6910412631356412,2.4463955878487122,-0.6583608493324453,1.9022028237764717,0.3364586177425323
70,1,0.25079496602584683,0,2.112599023659489,0.44806474695914106,-2.956905018835616,-2.047908397115806,0.6251551983771999,1.9362980662264913,-2.2894899216466187,-0.9557228373180957,0.5875982036982504,-4.3124136768600465
70,2,0.06019705351198306,0,-3.498445406471087,1.6183183723122425,-1.026930266519279,1.9622096877145048,0.13730566015999987,-0.12032164603054929,0.3743348179638168,-1.5763131981721508,3.257946292677545,-0.3611020429808039
70,3,0.11015201747596137,0,-2.0477262408702805,0.24348344611785444,-2.210867250820274,-0.32896303538384203,-3.3560406291910825,-0.9053627322641619,0.6276902561651635,1.0546009180016085,-3.362628381640078,-0.5196951721288775
70,4,0.1840982438450666,0,-1.6308424776108177,1.2558433950846617,1.590124565559513,0.336855707868225,-2.4120618910942073,-0.3545387313601434,2.846559581464383,0.6103248897011764,0.8381223994126551,1.0054363857450812
70,5,0.9846690344560318,0,-1.273079708778905,-2.637301686489605,2.3748253964395953,3.388827604394364,-1.4480211146639062,-3.0448500759553188,1.4959396016583169,-3.106247963330713,1.2544593048398125,-0.6876725564569964
71,1,0.32471376782124795,0,2.30346450064496,2.40933565950144,-1.791023446624265,1.6143167390450575,-0.8804585188272646,-0.2994636370229532,-1.743167822000118,2.520864372130593,0.6803297165773367,0.2050939535256211
71,2,0.5267362146743095,1,1.083072825449421,0.06700372370464565,-2.2754511011053937,0.40479123521073485,3.234278360666109,-0.7039512828015208,0.18522879894080413,-2.5610869735918054,3.3087089029384815,-1.0130923271404872
71,3,0.8509709864621494,1,0.7385568278292122,-2.6713057153005493,-1.426575990472007,-1.6673710771044874,2.6641188741694055,-1.252777388085666,4.739484499851257,-0.09893998792682368,-0.8673551030919718,1.9636284067851508
71,4,0.8124098186871248,1,-0.9121168485680586,0.4734895553701847,4.640830438237064,2.3663529872786855,1.1580279078198557,-3.3121269652396106,-1.1074249561481027,0.5853737371703764,1.1652310251812381,1.415109052908691
71,5,0.9821724118508932,1,0.4501737923404119,-2.297409388972456,2.748776913350153,1.65899800084242,-0.8071836752419257,2.8653654049006065,-0.43157160575540476,0.7187348180518431,-1.256210845031911,-0.29643276054864964
72,1,0.8193015531080498,0,-0.6182131006191419,-1.5358245166900106,-1.1806253099847346,1.413100936371648,4.21445878555601,1.9462993374242243,3.846980042094012,-0.43964720195440377,-1.316326568491933,-0.06731336178837918
72,2,0.17875176727592096,0,0.9776671618994975,-0.07260479712909837,-4.613298656264991,-1.7917770231446855,0.07392083589971864,-1.5300096106995595,-0.9503081224820097,-0.1325122003217055,1.8083573776132222,-3.6407351438617184
72,3,0.04596429043601361,0,-3.2671003718184224,0.06287659005056316,-1.2896292431300205,-1.7077129483666817,1.7485806675748965,2.7882729715690697,0.9701326988423619,-2.701931963907377,1.0438450405672757,-1.7349830486001239
72,4,0.15349240344000722,0,1.235274111339646,1.223265930442287,-2.0473454075073465,-1.310701055496937,1.949106394564782,2.7823547383315907,-1.0514432308275958,-0.668824374675384,0.5765722331326453,0.42961718842379026
72,5,0.16551196787925684,0,-1.677414715115003,1.0557172235958157,-0.08136474955419944,0.6942762737571436,6.4864327599507074,-2.5750838326820884,1.2719427032342436,-0.7923601839142026,0.28755707837538264,2.483634097304963
73,1,0.763297254288694,0,-0.26959511158160665,-1.4080636150831083,-1.3978966016240335,0.6907480230249439,0.8561273272569487,0.17247885443467087,-2.705605384677105,2.375259630541674,2.612638108515841,-0.4590794117509448
73,2,0.7886461451671564,0,0.32517149117098343,-0.6708785550637656,-0.4797452176486871,1.2488768667138324,-1.366853165582949,-1.1779193629095033,-0.3151819435159371,3.681240461175763,-2.842740457406945,-2.3151380012317437
73,3,0.15395578343484273,0,1.8781325303639957,3.9951963073158763,0.4279741635982398,1.9934649789827175,0.012721893594806246,-3.536592137683023,0.6308732350492406,2.883812248576528,-0.1453423370425717,-0.6685953714691262
73,4,0.10854296784527136,0,2.4147031177565124,2.195378955692377,-0.43788310828645644,-2.4250906359346516,-4.026147261484557,-1.0229236798643027,0.12054428561234759,-2.3914130559254354,0.4651193750970631,-1.933804034045519
73,5,0.04568193522241957,0,-1.976947439210003,0.33716098326712063,0.3383534618809243,-3.4823375523831097,0.3200888238072142,-1.7442146761654864,0.6148608541179357,1.8800461128426484,2.651190012605769,-0.9671916295314698
74,1,0.07500486292099977,0,-2.4854086096255372,0.841101593571654,1.7602001739398072,-1.6708010447789055,-1.1891172519649653,1.9585888814483523,-2.8167396146982293,0.5363969689602401,1.0190020100460386,-0.19255343585554063
74,2,0.6120297183278057,1,1.8906670318044883,0.0811531495621339,-2.429343445279473,0.31539597576451894,-0.031656294445483124,-0.1455999029985088,-0.32588200581196564,1.6470685528710114,0.43164820912846297,1.617551103459538
74,3,0.49368672863099133,0,-1.955646974711336,-2.081705632243387,-1.1555913584378055,-1.2977891788373153,1.5642815659732485,0.8673912100331391,0.38296053895370674,1.6407299213896047,-4.782831319960977,-1.258626713831178
74,4,0.9809265855766107,1,3.764120039232641,-1.2181402248498914,0.9655992388387367,0.9377154015512779,-1.7873020190345952,-0.8977413477196304,2.071378422669463,-1.4357091605138237,0.07014820356888471,2.9718604997839377
74,5,0.8215161564247793,1,-0.7733095090922532,-0.5807842337766854,2.1469262795791977,1.650801800172196,1.9135614704569002,0.5354381081951586,2.0339861212381045,3.196151924502976,-5.2562421528824155,-1.774886122961175
75,1,0.20116515805538826,0,-0.2732742642795847,1.056431391953504,-1.5654500162797031,0.38700963341974864,-2.5812561057369465,2.2078816299577597,1.1303720696494826,-3.1265649626179934,-2.726258049286171,-2.2545195926085797
75,2,0.9385183155265974,1,0.7835766804293495,-1.6877345480560444,-2.6414137212043136,2.7902127428991177,-0.09512747618563902,-2.245503468248014,1.8419447280326093,1.9372127332351243,-1.431651591047041,-2.772235984080472
75,3,0.8719694534157807,1,0.8337714677423661,-3.2759985748540466,-1.5091822041800174,-2.553938671887944,-0.0916345944614427,0.8162062583320336,0.2142092305540272,-0.6296342888269055,-7.840850705183402,-3.072984657840713
75,4,0.6726455977615565,1,-0.7994773762488943,-1.5078423605786804,1.381124835032903,-1.3268263400914595,0.06265546129823205,0.878566782002881,0.6492449203263123,-1.826443477053559,-3.149726628724443,0.990095136327848
75,5,0.4917682329074974,0,1.645968078154391,0.24310011531839001,-0.9203061530876899,-0.8807489493399094,2.956375460243269,0.5964842569727118,-2.7121837946742464,0.6462514473593132,-2.014616922740868,0.41059708511497117
75,6,0.7708525637068887,1,2.0470703534915224,-0.3760945219418925,0.1744195984829192,-0.6169765084491148,-0.7408099268620605,3.520690790371002,0.07027848306481191,-1.7308603158497904,-1.4647857283339483,1.427033214965839
76,1,0.7454977864858667,0,2.623803207883987,-0.17087804030029946,1.9777989233693767,-2.069929467448303,3.8422775789151484,1.4853322942892484,-2.8048125476156223,2.0894810071784087,1.925667688108499,-1.2950038953437082
76,2,0.06684147781256496,0,-0.020484596193360557,1.966492310450622,-0.22736647078814137,-1.3368312767824895,4.778471988340915,0.48079773629104844,1.8541752276314645,-3.3894540422630066,0.9945134039736726,0.11110824324361075
76,3,0.36444314748072854,0,0.5791283977589947,2.17795171435572,-1.6774618022933485,3.332562095649911,-2.4243694111819223,1.1755706299566413,-0.7425331041739331,0.9645919451816614,-1.6755690165703654,0.37969274800743386
76,4,0.38618317314718825,0,-0.5487042132426458,0.12663116021857004,-2.322869615843004,1.1473440564879833,-1.911540463343621,2.1549903954449,0.9814458065724406,0.5337567633944204,2.7981642989497737,-1.3644225653042126
76,5,0.7619477305776269,0,2.6257251322534616,0.7816159880668554,3.256313841843274,-0.7552826483541769,2.2873535048608593,-0.602729091803589,-3.1855717705767743,-1.50601981650916,1.203589806217269,-1.365074336542005
76,6,0.9322226038170062,0,-0.27451593292049187,-1.1234714270709187,3.2853337591093967,1.6362808574952408,-0.3614903755704965,-0.7760984433331517,0.34168228626636393,-0.5684160856162984,-0.5008677303196524,-2.6252828062354494
77,1,0.9594378698488332,1,2.358187625098371,-0.44710369842195324,0.41819876083868396,2.695949609707487,-0.6721599934457411,-2.658654970812605,-2.8279532267825704,-0.23328515662539945,-0.46594140282374313,-2.6409711623386842
77,2,0.9459154530754227,1,2.2806642359202547,-2.627581028547425,-2.8389825576386163,-0.26483451306445477,1.296171083562606,1.3632736830108947,0.8235451466049498,0.7594252375584767,-1.5830319539694255,2.407674324465298
77,3,0.6994056525940759,0,0.12315467402195536,-1.4570381315263525,-1.9713955970491697,-0.19146670676869598,-1.104315350250312,-1.667711437416855,0.031897541512831626,-1.6086596479309971,3.117649074105833,-1.1882951537820474
77,4,0.9592695716161391,1,1.4072699235050632,-4.209808819486771,-1.239066309499553,-2.618439197490531,1.8009800805608356,-0.2949547736869764,1.1258315292345924,-3.675971873725033,-0.5404064713646974,1.0666543266829742
77,5,0.3691847903197233,0,1.0120342842241623,0.4324411298931954,1.1420283681344698,-1.956981846517389,0.6178545116992871,2.4865063517569337,-1.8073153263822619,-0.7112295216706611,4.660173033647036,-0.6551843006239729
77,6,0.01105345076686772,0,-0.7545142949335238,3.544052624924324,-3.5428769835268703,0.5278720097285543,1.0653429527261546,-0.47444474498961603,4.312681988544187,-3.426046871018025,-5.128787363170609,1.4316151068467655
78,1,0.9361138320097582,1,5.3343241146620635,1.3875759466400333,-0.2596014517013205,2.3815808654626722,-1.4378097100535545,-0.13014907262896058,2.1452723624640937,-0.6665437558012473,1.9926074773439435,0.9828608455714803
78,2,0.005427435017211715,0,-4.223422410065408,3.4448390546524714,0.8213691612073318,0.31795146449055894,-1.6937737043627092,2.26581853135539,-0.42194919747427595,4.539370785239029,-1.4993211573039953,-3.117141402007839
78,3,0.7632779226165074,1,1.2153837739114854,0.4466617671182342,-0.44446702901075297,2.1249810502843482,-0.24748203192895515,5.149613605620987,-1.099780875130832,-0.39143595502023804,-0.04961356589319002,0.12351874335471294
78,4,0.16826673658140823,0,-1.5268398782603492,-0.21302237704845434,0.16157287403359147,-2.0364779509555624,1.1509584371421158,-2.6112779827150128,2.9384601476363383,0.5902393686828586,1.898906417891495,-0.7015159972945365
78,5,0.03082712458229308,1,2.4680849551661517,4.483240250696253,0.5731200069769845,-1.2668060605293117,4.348645128220009,-2.477383257217714,2.13520176963908,-2.064940697559728,0.6110698305669688,0.2534222956391217
78,6,0.6403516970493873,1,-2.426121093406811,-0.5378999352325308,-2.1124732542350304,3.92513785430606,3.5810800122546027,-1.5691588585799245,-0.3149909141800695,-0.726679666858748,-1.5726624443312585,2.1402674467014773
79,1,0.9674195894471771,1,-0.49251541186364106,-2.6314060505655803,1.890434480875311,1.2640953558236474,-0.5551732258216954,-1.92144926079182,-0.7218657818798306,-0.9618071692697064,1.1518818071100903,0.6986561319485003
79,2,0.8011738372601315,1,1.2777311685540511,0.2933478240914668,-0.4609966939305728,2.21382631090843,-1.0300642670422333,-1.7546985382755484,-0.04944313698508909,0.13543144968377516,0.5557807539024231,-1.3416288032904522
79,3,0.9069922253178644,1,2.6376620605707637,-0.8535476513239607,-2.463688020351961,1.3850725634751748,0.8919672769521316,2.673104390162661,1.5137068635096464,3.28315567896636,-0.689353332192938,1.8485276327760503
79,4,0.3861694533636291,0,-0.05780266521090166,0.7775314542161775,-1.4543619289498806,1.4034823417622062,-1.1876997721412779,0.6598998364166065,1.127892953791657,3.5244875646602956,-0.9263297123183185,-0.8672545473962323
79,5,0.8261429413720572,1,-4.115489411042045,-1.934929347612929,0.4182358017327554,3.667291971777159,-0.16097555609030997,0.5440543679003523,0.22792738370902335,-2.099379586043599,2.532975864126022,-2.041271336126697
79,6,0.020045442293787005,0,-1.080173740123959,2.5829228895207024,0.32759100306165656,-1.841010932329619,-0.30188271986187104,-3.96791513497032,-1.0491776627137885,0.6101194209919396,-4.863258651726351,-1.845962374131785
80,1,0.6297712194128591,1,3.614233089997457,2.6345791380518704,3.5033198392496394,0.3078224883073476,-1.8879330007896498,3.7223327380184106,1.4211560402559071,-0.563407681119325,-2.2640255021111084,0.5989742508432296
80,2,0.6941208945522377,1,-0.9305242111556283,0.350120303862471,2.392137723687953,2.060842884541489,1.6461583215166382,1.0453288680989694,0.25964996902452336,-1.0179008923312478,2.0426283985615084,-0.19916698571408864
80,3,0.037609518789989665,0,-4.427597506822345,0.38363643129797814,-1.965426327030963,0.08269088871847469,-4.136680248733852,-0.4122093036270135,1.5326862947959945,0.2643839315087608,-0.6419888110645022,1.2629276686520052
80,4,0.6742290154960836,1,-0.40413405312351985,2.0851543974681257,5.582226583014056,2.9131417814038443,-1.1975845946702954,-0.19102383508019316,-1.188804587977004,-1.5506465807041399,1.7331042898795603,-2.0206575839932213
80,5,0.8089748520109356,1,0.001967201234730302,-1.6101691561784848,1.1858841765850006,-0.8485740479453686,-1.4162157190523197,0.5820358093250173,-0.9332678311786381,0.3509257100503476,-2.7893662267479544,-0.15954437770902705
80,6,0.015190479657514322,0,-1.8570276942160404,0.8529000585877862,-1.557778898386984,-3.8824686800345383,-0.5885153822374198,-2.0107852697650848,3.219407466641234,2.198981970833452,0.6930955214000393,-1.6795635838916516
81,1,0.6332314449074032,0,0.09878963337188075,-0.1276916926873037,-0.23576823335159205,0.8648331992803335,-0.9303344255107835,-0.677596524231707,-2.519427586522133,0.6587303010093268,3.3206912764336303,0.7138713452300868
81,2,0.5258987919335836,0,-1.0755243621935349,-0.30438338077135185,2.4711654209578646,-0.5265173329281645,0.9956796295932699,1.7759174613942126,1.5149488373224245,1.6051587289055074,0.2944690318823963,-1.8904843867686147
81,3,0.9997069625077681,0,1.9977556461969865,-3.545464884447986,1.790466486718754,6.38322489066314,0.8003044047032329,-3.9863038626776177,-1.6427985789515296,0.15351207801602906,-2.5140716363329347,-0.7085153306836226
81,4,0.8016003362362633,0,-2.1039698609182746,-0.9557005144206944,1.0323733158046753,2.696633359559519,-1.3988402610834108,-2.304133804100081,1.8777885797566152,-0.4667888921157314,-1.459813126959925,3.2072602947217095
81,5,0.025020334289319185,0,-1.8543132951999928,0.92022049498888,-3.0693955300850213,-1.9202493753614598,-0.5011928376932636,-1.3148773205605409,1.9354578730731258,-2.1708534106280473,-3.270628392898486,-1.2601527579698821
81,6,0.6034127328148275,0,-0.5522312635916884,-0.34763571364490803,1.901448057990363,-0.23636117744156357,1.498294819156267,-0.5178593900176816,-0.5266078537371234,-0.5874662579452855,4.282467644378782,-0.6647782455050156
82,1,0.7538025708968511,0,0.4749557218089557,-0.0330069584462001,0.09092293500996809,1.613464820640826,-0.8215379560937887,0.8485740746972864,-0.7932785429121513,0.7648431403126821,0.6105962834225614,1.6063263846807727
82,2,0.37129098397197813,0,-0.8890028815414177,1.3522519306590706,-1.2075569776094395,3.168626572887763,0.7039765485358721,1.0512872088103813,4.362073630959375,0.08332133430507022,-1.216968996506664,0.03674262331034593
82,3,0.6913247569742461,0,-2.5143903237881364,-1.5430921922830103,4.490581895217153,-1.0209118069494805,0.2072796428391492,-2.5253141535733747,0.00038091403634754037,-1.4588283703414484,-2.4985601205934374,-3.647535795918998
82,4,0.30372825958188104,0,-0.3535447311731923,-0.4358656599260434,-0.0874143908166135,-2.0729514968305547,0.21830236494400393,-1.612281981496047,-3.105310939567921,4.54213021815402,-3.0953578299186657,2.1984886623264908
82,5,0.3441602040063891,0,-1.5585328876128963,0.8576700743127755,-0.11664508416466289,2.106736009487853,-1.9554910559599288,3.802265422213219,-0.0829587509519537,-0.5819352902420778,-0.8295812607153936,-1.9099023850338048
82,6,0.94294509360309,0,4.839132843365801,-0.21574004667181992,-0.719182485447481,0.3225592825028759,-1.346846934569235,0.9463158392389504,0.666186089253657,-2.2238170512512148,2.1811346336689197,1.4359191383930643
83,1,0.6460527597078396,0,-1.9905864288927884,-1.9985095367450825,0.2414356616725818,-0.5870500277727255,2.0328894398221347,-3.7569045970111654,-2.0404189624086526,-1.7873427815124259,0.9029604465046008,-2.061283012895217
83,2,0.9753661131647883,0,-0.26811087544672696,-1.553378863043137,3.304327981809346,2.8944111275363062,-3.9362955702725375,0.8314811919043217,0.20356610845472467,1.8855210126245812,3.5370220970478634,0.43753560543101117
83,3,0.9155927907538852,0,-1.3928103461218835,-2.154836396850925,0.8654788186703988,1.6991560741849883,0.8505354841216916,-0.9258245645977407,-0.661096745616117,-0.7504325218771256,0.5578043229992854,-0.539972896599811
83,4,0.9370830928025465,0,-0.17469559608417035,-3.862736378665188,-1.4375616445391413,-1.0288923496009945,3.4908879016861034,2.274931929054127,1.0253073888810618,1.5218108214773869,-2.184489289571243,-1.2805452537582143
83,5,0.32025873905095315,0,0.33443540878827993,0.3653205221439793,0.580555555747726,-1.479064546537048,1.0347071295285697,2.412792816851022,0.24487407055378263,2.9371079433063616,-4.992696646177179,-2.00579911548983
83,6,0.2779003980967933,0,0.6234074047895579,0.02346196401329153,-0.5792202624586871,-2.2413619877016897,0.18621960882246258,-1.123303399892875,0.687150009730479,-0.3212044413254193,-0.46254617698870293,0.2924375694500148
84,1,0.38881961711283913,0,-1.1350429021500574,-0.9422300079728023,-2.246033611190082,-0.29018531566269906,-1.7669465568479976,-1.9525536714322418,0.3903618694787525,4.116503821316469,1.6972311830997135,0.1468501542934436
84,2,0.6934126568364196,1,-0.8078739560341975,-0.16184545609116327,0.6486174161255563,1.882316423559541,3.566100404080477,2.4877173501259597,-0.6226738742652522,-2.8080445448047726,-1.4615414103961988,-3.823603849232403
84,3,0.6981619396549666,0,0.9258954110471809,-2.2604592613249923,-1.103102926969859,-3.101712232939863,-2.6060415128503442,-1.021426001418201,2.8625798738198442,1.5791887027045597,-2.9680178051075736,-0.8552179223001288
84,4,0.04735422539818698,0,-1.8188898629087535,0.8364682228106544,-5.157714884370638,0.30783871915043093,-4.228173973973706,-3.023995944943552,0.46181839719845,1.5109052691663856,-1.210279080486464,-0.7450121299761615
84,5,0.7985942353309212,1,1.148842304875175,-0.9378795110870018,1.1869637673700386,-0.9282972339477085,0.05862769801145454,-4.924716900658085,3.2662983206146268,5.005570948429589,-0.03886754205049633,2.0449219143545134
84,6,0.9380052009652039,1,-0.5692680872767488,-2.812583558517666,1.7809545653514554,-0.29849613172082495,-0.7549008414538072,2.343446934219808,1.1397210111135765,-2.396618534115567,-0.7989378321845592,0.9647196677515629
85,1,0.8355488204356535,0,2.4771822270793806,-0.6468372951166848,-2.1655021001569277,0.49043897656349345,1.3236943918259385,-1.0804043648033872,-0.505733059051961,1.3841999602288908,0.1475983498374264,-1.0073174567398648
85,2,0.9596891853788274,0,2.837713181899097,0.5842648316960045,1.234816509341709,3.7413928041276705,0.5570350555845377,-0.5905933829524083,-0.45626749491903573,3.7140844324781477,-2.3829004467338692,-1.9763300116821665
85,3,0.4491602340112968,0,-1.798240921390876,-0.4974033271638544,0.7863605565434092,0.16161212045581208,-1.4620020117890935,0.08740832115086983,1.295028008445169,2.308818451146939,-1.1148520092923926,-0.8279160809608516
85,4,0.368876777322981,0,-0.6925007647668388,0.934026071489577,1.390651798399612,0.7223365417386582,-0.9527177241687581,-0.5492476707116213,-3.9801879118033754,-2.7770699828057075,-2.480569788745075,2.125665562630415
85,5,0.401304769554708,0,-1.2885995784431001,-0.4183268711194927,-0.6685250048612167,0.1662628795068875,1.938454337078872,-1.3640887202917877,-1.7282835023087586,1.7985025720770416,-1.698981936104055,-4.3943828539231164
85,6,0.14133043940950732,0,-1.1904047588547892,1.1070565329293134,-2.310820660951758,1.0401286924054653,-0.9667706388612313,1.7826586185430635,0.05438865978421105,3.68015045550899,-0.5877538105164957,-2.8558667896566576
86,1,0.019906245563073594,0,1.118287567807409,4.182795206231548,-0.2145194911503134,-0.8835410437798583,-0.9197580710346054,0.4850441912857501,2.076210051787179,2.8723894982474545,-2.038498661267407,0.5215861784241621
86,2,0.1331563161265665,0,-3.0652914797856443,0.36429805138217053,-0.4402128541790738,0.5008988020818176,-2.5496743311792502,1.3790575969557217,-0.7173750811882381,-2.262491261863427,-1.92167029099823,1.2490335294805288
86,3,0.14642245732876846,1,-1.421307370494494,0.9701454155792785,-0.18465456319077042,-0.03418062945492277,-1.5292538086108631,-0.45906623064809116,1.9828352930719846,2.67214161718515,-3.820691143139992,2.860712248968331
86,4,0.47504066549659435,1,0.9580208964463358,1.6136916922184914,2.1513051480207412,0.6860380892363692,-3.5234591553307273,-0.8387833883892285,-0.9183821251430758,-1.0488329558634653,2.4949193573647266,1.4189803226410516
86,5,0.9004965442829324,1,4.071058508978378,1.0653956039057013,-2.519894487530461,3.3838568991671267,-1.5179262559565074,-0.23872697700547751,-2.6108545484435832,0.9043748319292341,2.0256358010420876,-0.6545109574869578
86,6,0.44433627808328546,0,-0.018397839438881472,0.1627994394351523,0.07942583804615094,-0.154019837355429,0.7181437524217505,-0.2172302572965973,-0.864089323311725,2.0226931169927918,-1.46840685017578,-0.8473275536487261
87,1,0.7588664436058802,1,0.027017993899330104,0.321915460598461,1.9814753227650042,1.8228140361830503,-1.232662457329029,1.7571946486503633,-2.86230308855867,-2.7276711737509216,-1.6197777758860843,2.1197097590263065
87,2,0.15620472120133824,0,-1.9135964442681839,1.89865948818172,2.4106755944363623,1.0688079165656061,1.5741870184849205,-0.6492771515188681,0.5623555757940035,-0.9214747524055219,-0.8177982943289703,1.9451658755055286
87,3,0.01125223335607969,0,1.546738475683848,5.7951464566435655,-2.592607527694157,1.8743040275534169,0.0820169228813432,-2.2027160504556,1.0729248859549252,0.4222854826212938,-1.987034408785285,-1.1586060513309566
87,4,0.9684881229016779,0,0.787574531867031,-3.824424833752109,-0.4207603090563488,-1.1232352428953722,-1.2402205346523627,-3.972609399798741,0.7516311748453486,-0.10515949921648336,1.3541136695841267,-2.7389046723222723
87,5,0.11477953512532255,0,-0.9262937248766726,0.030469067636457826,1.7770537031211435,-3.986987985440219,0.6757671041529373,-1.1572215980169693,0.3792273450004498,-0.5743426132562672,1.4109483516536663,-3.34728120451183
87,6,0.9884863267686185,1,2.005651585021175,-2.9004861954750503,1.3214972811962051,0.48019027225121824,2.67668934134076,-0.886680473295419,1.1632069478919138,-1.135951452090946,-0.3987055058333736,-1.7194928103636302
88,1,0.9907391091136996,1,2.744740543584051,-1.4592816715155075,0.5937220828020586,3.2645822204911625,-0.45022987963852384,1.2629163798254963,-2.5375238525588686,2.3650332204301225,-0.4581493694354414,-1.848134657295267
88,2,0.04100522034295831,0,0.19123009581540804,3.0935967886472886,2.721835539751392,-2.057551716884957,-1.862556676845524,0.5455136813554119,-3.523063769779797,3.296132017371556,0.08658948194145412,0.04101138161135507
88,3,0.26494093240335215,0,-2.162962341845541,0.624313666875672,-1.3274190745629877,2.2002314073819926,-3.895922067634544,-0.8455120074056159,-0.5248051224663908,-1.3906999208175026,-3.9202356449536517,1.7120534047458114
88,4,0.25733956489983295,0,-2.9133392557819113,0.22600970665640968,0.9691787536426621,0.9487409809773567,-2.1856179134705176,4.438064001497617,-0.02973123247579131,0.8155603205423548,1.8565588490034721,0.09918414181414988
88,5,0.9408120843146643,0,0.45804718380711085,-2.4107213427849357,0.31252423949609537,0.23494055365723288,-2.129567590506848,-1.095161636642623,-0.40265764501593004,-0.1267769671660015,1.9991123185054638,-0.5537266614337752
88,6,0.006107630653212963,0,-0.8832221199443098,3.4873175601071162,2.2969150669662617,-3.799242191231169,-2.1226548948944046,1.9995349976271373,4.844582778611193,5.368659507280796,2.1641379931077243,-1.0783937995257908
89,1,0.92626802319448,0,-1.4090821324179301,-1.4903044911852414,2.262301221706302,2.5051239541489445,-5.233762443290972,-1.122822717059365,0.10636557540321864,-1.7305811679116767,-1.0691826605783672,-1.3323195778329522
89,2,0.01977743132429137,0,1.0284324939848821,2.31311815197467,-1.424193274772342,-3.7558908138390885,-1.8248194653498044,0.7569584180469149,1.0174751626123342,0.1544602102010848,1.9917535011355028,1.483642181263024
89,3,0.04428591608614753,0,-3.6883563128939776,-0.9401598550835365,-1.2456962902457622,-3.3060565272116054,-2.2144830976596728,0.006080496372853247,0.47421619520389796,1.422855487244122,0.2533523900320521,0.0832418513915429
89,4,0.9156149263483265,0,3.446485444608989,-0.23981471452543662,3.591473235417393,-1.3446697912647052,2.254337287400786,0.189362244145776,0.9502888776702819,-0.1768695526254918,-0.5286910566951971,-3.760128043449263
89,5,0.8991413247116127,0,-1.6372035904881115,-2.273714861921599,-1.3395123753965898,2.5284863686000523,1.1253099138115579,2.13837817508439,-0.3419748084298162,0.4726631035942118,-0.2756077795389048,-1.0523478670492612
89,6,0.3884222064417294,0,0.6675120661255047,1.5643115405259873,0.38286612732962305,1.1495555280510232,-2.9642338518140807,0.19622120756722572,-4.957664851156049,-1.5368866614345627,1.8695549284180724,1.8813347347907425
90,1,0.044049296510804616,0,1.5706690980641567,1.2720377551746416,-0.89633264955701,-4.959226677414271,1.0473558832651424,-0.4380005068292684,1.9917299554859478,-4.727870635444668,2.32265623415267,3.110829719772655
90,2,0.02704065790018155,0,-1.4032274810097831,2.3107894928346813,0.04852962719159437,-1.2527496884421514,-1.2516333252847034,0.06231256574747695,-0.9222155892914395,-0.4897390464060549,0.9679929278768551,-1.5589429634068026
90,3,0.05000955403179082,0,-3.566755461162756,2.9898873668945054,1.015217621637486,3.1901848927872494,0.6023372818037498,-2.2096588814960665,2.0355969985831828,-0.10906298339653649,-0.8557215482993531,-1.2302687879308467
90,4,0.06006117956975073,0,1.3594088032134568,3.384977427740939,0.9021819587240929,-0.9522637463051689,3.6607732778788202,-0.80690077412267,2.2530018610605045,-1.1257260173634414,0.5358329796537775,-2.103396716014642
90,5,0.2405963900404613,0,-0.4870377322193138,0.45783349134311974,0.12898380852515817,-0.953898777865464,2.044116535577467,2.6361899594299616,-1.8147468043056467,-1.1194238917371917,-0.5200460172718432,-3.5027939092996223
90,6,0.06413143149479415,0,-1.0176860833861148,1.7008043134964266,-0.26914540743746423,-0.84663032271492,1.6263444647880825,1.1644813290405904,2.819542047152556,-4.219137072949409,-1.6417535746273908,2.728929999719413
91,1,0.8228790047032957,0,3.670239885597033,1.0180895167848576,-0.6947158898518406,1.4183669328601078,-0.030786855167185254,3.4894973558319267,0.21922633593603982,-0.5312822141001405,-0.6699525862646158,0.8840377399688663
91,2,0.017819204515004683,0,-1.8285796082529902,2.1731196387970533,-1.9880672775757267,-0.8249477614858386,-2.543440165172126,-2.274473471839784,1.2771791767689933,-0.33517881467405564,2.01207425144849,-1.6937871857216484
91,3,0.5031217245303893,0,0.197469299960628,0.8964298565720578,1.1739760895436733,0.8868092683050978,-3.1727473469584004,2.462140073337275,-2.8840215870522763,-2.2679472064770825,0.47210904745592525,0.8682967067892539
91,4,0.09448679434083078,0,-3.8229728518306794,-1.7763865056389752,-3.0541314558766928,-2.155477970363217,-0.24873616383995556,0.8400993625873027,-0.6830895757162248,2.9463000144660456,0.1792123343788837,3.0808362999620966
91,5,0.04870543016223934,0,1.1285947794517275,2.823876914585868,-2.7310635195189334,-0.30521010839599666,-1.3724867919845227,-0.2726412618886533,-1.3260017938300557,0.9099078779843187,1.9983337908479621,-3.261937606326169
91,6,0.3318473984195438,0,-0.007793988287790599,-0.4675278015326043,0.6257009649088262,-2.6511152102191757,-2.7569709580251143,1.4616018352515492,-2.3044803738589095,-2.535892697088857,-0.0031758884285951632,2.291994982569395
92,1,0.06315362657715372,0,-3.1136614669649285,1.7631918248377907,0.9221295687942035,0.859077107220558,-2.9133858521037124,2.8458946351180168,-5.164593701832335,3.8104400778565592,-0.8886472539288954,1.5993641609963443
92,2,0.325052969520555,0,-0.32586800816465955,-0.29199052094129124,0.43425937794788505,-1.916558189777886,-1.3160978332708697,0.34429209977450675,0.7013283579113672,0.061382825690332515,0.7489139476504771,0.7832435417723627
92,3,0.10300955820302551,0,-1.5844368163830145,2.148365305256389,-1.024374577719659,2.0682049104570743,0.19622979495949538,-3.3859478981098494,0.4076977434420543,-0.7287495137171063,0.9741944639995983,2.0754002489674455
92,4,0.7366453442948635,0,-0.14307940944332567,0.3417672375225656,-0.05763890973464954,2.9068942605931984,-0.9182315375825589,2.8553170174079576,1.1424110089179864,1.5523420919035336,0.6954119106808542,2.098164167994588
92,5,0.04191437568832724,0,-0.34891937165528686,1.0511907496557955,-2.0323278143835046,-2.794736939011269,-0.5053141591508665,-2.416234215187932,4.01715796513343,-0.11247551932555674,1.1569345484119942,3.9394661038892966
92,6,0.10367169348045252,0,-4.6072180695026494,-1.5661221449464302,-1.1975568028157477,-1.6919897402799213,-1.3118201402762377,-2.551887659124126,2.262021814350833,-4.735126943115445,1.3602001012383622,-1.7051263348108165
93,1,0.33342054647761826,0,-1.0829034163484699,-2.8865886324569465,-4.502172463906647,-3.3752776367438018,-3.706853504428067,0.4022528842863587,0.49006053252415477,1.9592909769979872,0.732761985291151,0.21719724982803526
93,2,0.4327973135567905,0,0.4139775764538344,0.32809748748074885,-3.1024107149276214,1.2933822952400473,-1.6939207142692478,-0.9396004103320512,-2.9003930944207217,-0.17751502783305304,-1.2371099546216335,0.3912666365442729
93,3,0.8432226855477675,0,1.2726987663829383,-0.12590144162522648,-2.018203934841512,2.852450360410597,2.958140982561298,-5.136607898801249,1.7339865242897214,-1.0366536370783968,1.795480806851293,-1.3717253027577603
93,4,0.25398515830512486,0,1.1992942310323602,0.6475524293138674,-1.2570089830263445,-1.526118200246955,4.078203926671682,2.472578433372373,-0.9217660793755257,-2.0987489515542848,2.7354813397423334,-0.19233982480435546
93,5,0.43665860719280325,0,-2.3723329593375753,1.6790546137794014,1.0444278549219213,4.741746744536466,-1.090791366280516,-0.4009327783927284,-0.4006284217128734,-3.0336830731371194,-0.750545026374864,-0.055397550432300595
93,6,0.9919936492507061,0,2.4057129333137492,-3.1623030551706672,0.7728617211734967,0.567014526652107,1.92456939425116,-0.273232619079079,-0.1060626962362441,-0.6275980180621086,2.9666469154666744,-0.3438269416971184
94,1,0.6606893461606573,1,-0.8294039565472384,-1.7067849948739517,-1.3820067181762954,-0.3002648861721811,0.23127926420795178,-2.7234250441708707,2.925857061907203,-0.4686698463567875,-0.691846246348698,-0.09161905447310524
94,2,0.08675635267126297,0,-0.5183128798240012,1.0821325982388394,0.628813142910286,-2.4134955979224366,0.8461563785144536,-0.042445429780071105,-1.453889664714472,-0.2555143514657832,1.1578258637539807,-4.5904212432383815
94,3,0.14166998834915837,0,-0.22285409106124726,-0.12276264232554861,-0.717524972531198,-3.2187265619132117,1.597731739361421,2.2026908447912934,1.1774225127839733,-2.5553092757677405,4.860286380167497,-4.480262237089802
94,4,0.027536647418531214,0,-2.4129078770942605,2.1066159876780857,-0.6768977240719898,-0.09772359636034321,2.0856172798619474,1.28422720035318,1.6339693015954124,0.04842467812941285,-1.8918585316673784,-2.810570569258116
94,5,0.20712558681673413,0,-2.514860354755259,0.4133760796113967,-0.059550490902464136,0.8840091441607434,1.8169240328897178,1.524451232065109,-0.33121654729762234,-0.4380789027163048,0.8793687300294227,0.1448892761866568
94,6,0.710277505393217,1,-1.668102332991936,-2.143390514341264,-0.5092034259197727,-0.23932471859112603,-0.8975484874087607,-3.5827329248152036,-2.236675317709859,-4.637148341423471,-6.329489957939723,-2.543765859336815
95,1,0.7691996051262908,1,-3.1139247845671347,-2.6978000729246983,-3.0605064280350414,2.263508160418416,0.18959251978062058,-2.032197949732759,-1.4354412895116508,-1.3733675929643598,0.534809331077782,0.11449790134145799
95,2,0.22037294142638533,1,0.08144131870557622,0.622329097881726,2.0225557485185046,-2.532749514198084,-2.8486603825927594,3.997948643923864,1.5030269672769727,-4.391924572078305,-1.64984900219083,0.021650236784808114
95,3,0.3225109843340385,0,1.6945938015605475,0.10464325310815202,2.131381422248537,-4.25904684499478,3.9814469596144177,2.3385764808922214,-0.6176820936867062,-2.4530107958551013,3.544394589747473,-2.238661964020944
95,4,0.8395148070249584,0,-2.283395815035636,-2.500933817336786,-0.22878235818319437,1.1104318606532566,-1.7231090003528267,1.29628832366553,-2.445576605295063,-1.571384770595234,-0.17030466786061546,2.8033592424090115
95,5,0.05735884555275495,0,1.0806904413922425,2.89989512078173,-1.434672893270135,-0.4582681119351558,-1.7659496905964625,4.114532149866455,-0.4967360757785478,0.11221158524858658,-0.5946943415076451,0.22927787880342326
95,6,0.49081882990010095,0,-0.3032845611558953,0.8589266724251229,-0.17317452397866018,2.005667785083244,0.20868980635207868,-2.31592294363234,1.5266574949099434,3.5292262873144136,-0.9904085875723473,-0.08747849142409586
96,1,0.9762982610920871,1,1.6220446677255937,-2.8985516129362803,1.3572467821958645,-0.6011057976017024,1.3032487608204224,-2.0329956993756606,-1.0546309378238183,-2.368643728099002,-1.746501888268474,0.7854980227873203
96,2,0.47428555847760734,0,-0.9163164413943652,-1.5659319967045118,-1.3938603852144729,-1.472111454047643,0.5188000526314136,2.0279042069760695,-2.485916872447481,-1.5088840354472184,2.425502795071452,2.591940197619868
96,3,0.44860242822291574,1,-3.121442233239133,-2.047501161480484,-2.9497304530485624,0.6240170933697459,-0.9776619997005012,-1.139253295097139,0.6122775376484534,-1.011585117991525,0.3711677852083226,1.206829429693952
96,4,0.3219502430455758,0,4.132729033096305,2.3603278551958944,-1.5155223365163586,-0.650237565486418,-1.2086555109390205,1.595127354293396,-0.6295124738642158,0.7861698729737703,-1.3646037071831758,-2.5047261679296557
96,5,0.21650611399437214,0,2.6110765218856744,2.494382812588557,-2.516789234851047,0.7143908151652546,-1.7000366756748349,-1.9444098300591672,-2.706950049689191,-1.3241917354440116,-3.4869666954485066,0.9558237322167579
96,6,0.84243039152272,1,2.132301919654813,0.8643330730015775,2.968807883433996,1.1315644533539868,2.9533343182759615,-1.3177128648870342,0.059613337108494494,3.3395009462182337,2.0610203696403637,-0.1596283083841091
97,1,0.3969021781650289,1,-2.4224130084165867,-0.03721417771723646,1.1759430566918898,1.098334043865881,0.14161893209830145,3.087526770578215,2.260931203195493,0.25034759851248195,-1.7784964431031507,0.08526427018026454
97,2,0.9353233585732462,1,-1.234515458429196,-3.5192215968725447,-0.15553248095320674,0.009469918520349537,-1.7053237493441915,4.670764816300954,-3.6131654976774277,1.9801170441316698,2.4762511151508924,2.3297503065613117
97,3,0.046935554361724176,0,1.0173854689399988,1.788151528537777,-2.724137710050618,-2.270329691354034,-2.9604857080971883,-3.7025846832802,2.1715097856061827,2.4721170918841406,-1.6500132628467394,-1.3815555356793592
97,4,0.063619454551103,0,-3.716399362765347,0.05837161488040279,0.5495935223078111,-1.519845377070729,2.377614036342103,-2.9064175991664674,0.4362828287910881,1.5867361409921168,-2.6378799623010174,-2.0027552258188512
97,5,0.6461306995773294,1,-0.09920169823428825,-2.464156234634089,-4.42909195862316,-1.0484930864588737,0.12059460156878932,-3.0665116646515864,-1.0558831235478954,-3.555920177183568,-1.4166236123874927,1.2279657843813718
97,6,0.558880149731706,1,-0.5247720048646604,1.2158252496059772,1.5517208366362645,2.5781141768762055,3.6550793226224205,-3.4106158291211064,-1.4939682300421349,1.7959565164822557,2.724741907235641,1.76176311985633
98,1,0.09761381542446343,0,-2.882714718326433,-0.11491704897229832,1.6259748641840772,-2.4177645552452645,0.4722009756894494,0.08868986665344263,-3.1318987178699276,1.1532011154190085,1.6619381324207796,-4.014689559669872
98,2,0.70140422038694,0,-0.7123049934081511,-0.04065190835944914,0.7834247403007332,1.9691154219486025,-4.11966364205465,0.519858186173062,0.5585953154413928,-1.054045531487556,0.9634016137269334,1.8803968783683396
98,3,0.6210924259727125,0,1.9830811301153315,-0.31005179127092025,-0.015433878465377672,-1.7758531857826132,-2.9157054899059625,-2.7133213966702403,3.0950301855143056,-3.1107796254979827,3.635431765106939,1.7688706472278315
98,4,0.9734980576776866,0,4.461993603793724,0.18859911500608548,-0.6447195554033328,3.0813283290930498,-0.7453942179014176,-1.1954785012184517,4.114166396130517,-0.9386759606687047,3.011774045378691,1.6780694635551
98,5,0.9881496653842244,0,0.2888669719341916,-3.8745645300508853,-1.9293595181920862,2.1512730323236076,0.6052475334580869,-1.8576831544389338,0.4804242694435664,1.1263259307125375,1.7897282890057429,2.7529336089461305
98,6,0.8581135613741645,0,-1.283544181926959,-2.4496668210601924,0.09048200305011798,0.2556054524961762,1.0580704055178332,0.42747956094093637,-1.2908918201802762,0.9657818621523058,-3.2828324724331868,-0.9315051704521996
99,1,0.6948911536551019,1,0.9636453593076741,-1.0350308862827728,0.6399590083919545,-1.7213181233605914,2.1492851375102338,0.4726335902342974,1.559497474734302,1.704781198161825,0.47927002702520655,-0.8035436480416881
99,2,0.4322852538338884,1,0.35693295806304703,1.3893384850763486,2.9148757484901795,0.1607321292619431,-2.12259066707239,0.35893071979014257,-1.4533493142243339,-2.089800816862606,-1.5661466809163824,-0.09059958789782692
99,3,0.8783385628102249,1,-2.027369927464745,-2.6968593267814875,-0.24618656637887992,1.1099988500130156,-1.8272999147182722,1.4755997232799456,-3.16624024495719,1.923925259022167,-0.44927036269879306,-1.6362297910583858
99,4,0.2663401437866305,0,-1.661333020288169,-0.36965518555349036,-0.7621291203408294,-0.5421469986820763,-2.4831185848915642,0.28696290768583216,-4.637796368968303,-2.888774143611165,-2.833959608806333,-0.13313161797358508
99,5,0.07398781861670221,0,-0.9222545409356199,0.36317153362818494,-1.166338316750438,-2.730465911877734,2.671113303609599,-0.3447293346907343,2.6447567848211038,-1.3278742933516101,-1.12388850199118,-1.7160613065214767
99,6,0.9879047443076022,1,4.751305982240637,-0.6967521509418797,2.0011109693226263,1.2411602166364557,-1.4009243829902458,3.4400801638967984,-2.268230201017585,-1.9851010112538168,2.5535390202297577,0.41864007694699595
